PRAGMA foreign_keys=OFF;
BEGIN TRANSACTION;
CREATE TABLE IF NOT EXISTS "django_migrations" ("id" integer NOT NULL PRIMARY KEY AUTOINCREMENT, "app" varchar(255) NOT NULL, "name" varchar(255) NOT NULL, "applied" datetime NOT NULL);
INSERT INTO django_migrations VALUES(1,'contenttypes','0001_initial','2025-02-07 19:12:03.549764');
INSERT INTO django_migrations VALUES(2,'contenttypes','0002_remove_content_type_name','2025-02-07 19:12:03.573613');
INSERT INTO django_migrations VALUES(3,'auth','0001_initial','2025-02-07 19:12:03.618929');
INSERT INTO django_migrations VALUES(4,'auth','0002_alter_permission_name_max_length','2025-02-07 19:12:03.638903');
INSERT INTO django_migrations VALUES(5,'auth','0003_alter_user_email_max_length','2025-02-07 19:12:03.657568');
INSERT INTO django_migrations VALUES(6,'auth','0004_alter_user_username_opts','2025-02-07 19:12:03.689908');
INSERT INTO django_migrations VALUES(7,'auth','0005_alter_user_last_login_null','2025-02-07 19:12:03.707109');
INSERT INTO django_migrations VALUES(8,'auth','0006_require_contenttypes_0002','2025-02-07 19:12:03.720273');
INSERT INTO django_migrations VALUES(9,'auth','0007_alter_validators_add_error_messages','2025-02-07 19:12:03.733972');
INSERT INTO django_migrations VALUES(10,'auth','0008_alter_user_username_max_length','2025-02-07 19:12:03.754085');
INSERT INTO django_migrations VALUES(11,'auth','0009_alter_user_last_name_max_length','2025-02-07 19:12:03.771773');
INSERT INTO django_migrations VALUES(12,'auth','0010_alter_group_name_max_length','2025-02-07 19:12:03.797627');
INSERT INTO django_migrations VALUES(13,'auth','0011_update_proxy_permissions','2025-02-07 19:12:03.818440');
INSERT INTO django_migrations VALUES(14,'auth','0012_alter_user_first_name_max_length','2025-02-07 19:12:03.838768');
INSERT INTO django_migrations VALUES(15,'users','0001_initial','2025-02-07 19:12:03.894799');
INSERT INTO django_migrations VALUES(16,'admin','0001_initial','2025-02-07 19:12:03.916848');
INSERT INTO django_migrations VALUES(17,'admin','0002_logentry_remove_auto_add','2025-02-07 19:12:03.941037');
INSERT INTO django_migrations VALUES(18,'admin','0003_logentry_add_action_flag_choices','2025-02-07 19:12:03.957801');
INSERT INTO django_migrations VALUES(19,'authtoken','0001_initial','2025-02-07 19:12:03.996010');
INSERT INTO django_migrations VALUES(20,'authtoken','0002_auto_20160226_1747','2025-02-07 19:12:04.061722');
INSERT INTO django_migrations VALUES(21,'authtoken','0003_tokenproxy','2025-02-07 19:12:04.067730');
INSERT INTO django_migrations VALUES(22,'authtoken','0004_alter_tokenproxy_options','2025-02-07 19:12:04.076406');
INSERT INTO django_migrations VALUES(23,'ingredients','0001_initial','2025-02-07 19:12:04.083653');
INSERT INTO django_migrations VALUES(24,'tags','0001_initial','2025-02-07 19:12:04.091439');
INSERT INTO django_migrations VALUES(25,'recipes','0001_initial','2025-02-07 19:12:04.110293');
INSERT INTO django_migrations VALUES(26,'recipes','0002_initial','2025-02-07 19:12:04.356436');
INSERT INTO django_migrations VALUES(27,'sessions','0001_initial','2025-02-07 19:12:04.365127');
INSERT INTO django_migrations VALUES(28,'recipes','0003_recipe_favorite','2025-03-06 14:14:29.306563');
INSERT INTO django_migrations VALUES(29,'users','0002_alter_user_avatar','2025-03-08 12:35:47.085997');
CREATE TABLE IF NOT EXISTS "django_content_type" ("id" integer NOT NULL PRIMARY KEY AUTOINCREMENT, "app_label" varchar(100) NOT NULL, "model" varchar(100) NOT NULL);
INSERT INTO django_content_type VALUES(1,'admin','logentry');
INSERT INTO django_content_type VALUES(2,'auth','permission');
INSERT INTO django_content_type VALUES(3,'auth','group');
INSERT INTO django_content_type VALUES(4,'contenttypes','contenttype');
INSERT INTO django_content_type VALUES(5,'sessions','session');
INSERT INTO django_content_type VALUES(6,'authtoken','token');
INSERT INTO django_content_type VALUES(7,'authtoken','tokenproxy');
INSERT INTO django_content_type VALUES(8,'users','user');
INSERT INTO django_content_type VALUES(9,'users','subscription');
INSERT INTO django_content_type VALUES(10,'tags','tag');
INSERT INTO django_content_type VALUES(11,'ingredients','ingredient');
INSERT INTO django_content_type VALUES(12,'recipes','favorite');
INSERT INTO django_content_type VALUES(13,'recipes','recipe');
INSERT INTO django_content_type VALUES(14,'recipes','recipeingredient');
INSERT INTO django_content_type VALUES(15,'recipes','shoppingcart');
CREATE TABLE IF NOT EXISTS "auth_group_permissions" ("id" integer NOT NULL PRIMARY KEY AUTOINCREMENT, "group_id" integer NOT NULL REFERENCES "auth_group" ("id") DEFERRABLE INITIALLY DEFERRED, "permission_id" integer NOT NULL REFERENCES "auth_permission" ("id") DEFERRABLE INITIALLY DEFERRED);
CREATE TABLE IF NOT EXISTS "auth_permission" ("id" integer NOT NULL PRIMARY KEY AUTOINCREMENT, "content_type_id" integer NOT NULL REFERENCES "django_content_type" ("id") DEFERRABLE INITIALLY DEFERRED, "codename" varchar(100) NOT NULL, "name" varchar(255) NOT NULL);
INSERT INTO auth_permission VALUES(1,1,'add_logentry','Can add log entry');
INSERT INTO auth_permission VALUES(2,1,'change_logentry','Can change log entry');
INSERT INTO auth_permission VALUES(3,1,'delete_logentry','Can delete log entry');
INSERT INTO auth_permission VALUES(4,1,'view_logentry','Can view log entry');
INSERT INTO auth_permission VALUES(5,2,'add_permission','Can add permission');
INSERT INTO auth_permission VALUES(6,2,'change_permission','Can change permission');
INSERT INTO auth_permission VALUES(7,2,'delete_permission','Can delete permission');
INSERT INTO auth_permission VALUES(8,2,'view_permission','Can view permission');
INSERT INTO auth_permission VALUES(9,3,'add_group','Can add group');
INSERT INTO auth_permission VALUES(10,3,'change_group','Can change group');
INSERT INTO auth_permission VALUES(11,3,'delete_group','Can delete group');
INSERT INTO auth_permission VALUES(12,3,'view_group','Can view group');
INSERT INTO auth_permission VALUES(13,4,'add_contenttype','Can add content type');
INSERT INTO auth_permission VALUES(14,4,'change_contenttype','Can change content type');
INSERT INTO auth_permission VALUES(15,4,'delete_contenttype','Can delete content type');
INSERT INTO auth_permission VALUES(16,4,'view_contenttype','Can view content type');
INSERT INTO auth_permission VALUES(17,5,'add_session','Can add session');
INSERT INTO auth_permission VALUES(18,5,'change_session','Can change session');
INSERT INTO auth_permission VALUES(19,5,'delete_session','Can delete session');
INSERT INTO auth_permission VALUES(20,5,'view_session','Can view session');
INSERT INTO auth_permission VALUES(21,6,'add_token','Can add Token');
INSERT INTO auth_permission VALUES(22,6,'change_token','Can change Token');
INSERT INTO auth_permission VALUES(23,6,'delete_token','Can delete Token');
INSERT INTO auth_permission VALUES(24,6,'view_token','Can view Token');
INSERT INTO auth_permission VALUES(25,7,'add_tokenproxy','Can add Token');
INSERT INTO auth_permission VALUES(26,7,'change_tokenproxy','Can change Token');
INSERT INTO auth_permission VALUES(27,7,'delete_tokenproxy','Can delete Token');
INSERT INTO auth_permission VALUES(28,7,'view_tokenproxy','Can view Token');
INSERT INTO auth_permission VALUES(29,8,'add_user','Can add Пользователь');
INSERT INTO auth_permission VALUES(30,8,'change_user','Can change Пользователь');
INSERT INTO auth_permission VALUES(31,8,'delete_user','Can delete Пользователь');
INSERT INTO auth_permission VALUES(32,8,'view_user','Can view Пользователь');
INSERT INTO auth_permission VALUES(33,9,'add_subscription','Can add Подписка');
INSERT INTO auth_permission VALUES(34,9,'change_subscription','Can change Подписка');
INSERT INTO auth_permission VALUES(35,9,'delete_subscription','Can delete Подписка');
INSERT INTO auth_permission VALUES(36,9,'view_subscription','Can view Подписка');
INSERT INTO auth_permission VALUES(37,10,'add_tag','Can add Тег');
INSERT INTO auth_permission VALUES(38,10,'change_tag','Can change Тег');
INSERT INTO auth_permission VALUES(39,10,'delete_tag','Can delete Тег');
INSERT INTO auth_permission VALUES(40,10,'view_tag','Can view Тег');
INSERT INTO auth_permission VALUES(41,11,'add_ingredient','Can add Ингредиент');
INSERT INTO auth_permission VALUES(42,11,'change_ingredient','Can change Ингредиент');
INSERT INTO auth_permission VALUES(43,11,'delete_ingredient','Can delete Ингредиент');
INSERT INTO auth_permission VALUES(44,11,'view_ingredient','Can view Ингредиент');
INSERT INTO auth_permission VALUES(45,12,'add_favorite','Can add Избранное');
INSERT INTO auth_permission VALUES(46,12,'change_favorite','Can change Избранное');
INSERT INTO auth_permission VALUES(47,12,'delete_favorite','Can delete Избранное');
INSERT INTO auth_permission VALUES(48,12,'view_favorite','Can view Избранное');
INSERT INTO auth_permission VALUES(49,13,'add_recipe','Can add Рецепт');
INSERT INTO auth_permission VALUES(50,13,'change_recipe','Can change Рецепт');
INSERT INTO auth_permission VALUES(51,13,'delete_recipe','Can delete Рецепт');
INSERT INTO auth_permission VALUES(52,13,'view_recipe','Can view Рецепт');
INSERT INTO auth_permission VALUES(53,14,'add_recipeingredient','Can add Ингредиент рецепта');
INSERT INTO auth_permission VALUES(54,14,'change_recipeingredient','Can change Ингредиент рецепта');
INSERT INTO auth_permission VALUES(55,14,'delete_recipeingredient','Can delete Ингредиент рецепта');
INSERT INTO auth_permission VALUES(56,14,'view_recipeingredient','Can view Ингредиент рецепта');
INSERT INTO auth_permission VALUES(57,15,'add_shoppingcart','Can add Список покупок');
INSERT INTO auth_permission VALUES(58,15,'change_shoppingcart','Can change Список покупок');
INSERT INTO auth_permission VALUES(59,15,'delete_shoppingcart','Can delete Список покупок');
INSERT INTO auth_permission VALUES(60,15,'view_shoppingcart','Can view Список покупок');
CREATE TABLE IF NOT EXISTS "auth_group" ("id" integer NOT NULL PRIMARY KEY AUTOINCREMENT, "name" varchar(150) NOT NULL UNIQUE);
CREATE TABLE IF NOT EXISTS "users_user_groups" ("id" integer NOT NULL PRIMARY KEY AUTOINCREMENT, "user_id" bigint NOT NULL REFERENCES "users_user" ("id") DEFERRABLE INITIALLY DEFERRED, "group_id" integer NOT NULL REFERENCES "auth_group" ("id") DEFERRABLE INITIALLY DEFERRED);
CREATE TABLE IF NOT EXISTS "users_user_user_permissions" ("id" integer NOT NULL PRIMARY KEY AUTOINCREMENT, "user_id" bigint NOT NULL REFERENCES "users_user" ("id") DEFERRABLE INITIALLY DEFERRED, "permission_id" integer NOT NULL REFERENCES "auth_permission" ("id") DEFERRABLE INITIALLY DEFERRED);
CREATE TABLE IF NOT EXISTS "users_subscription" ("id" integer NOT NULL PRIMARY KEY AUTOINCREMENT, "subscribed_user_id" bigint NOT NULL REFERENCES "users_user" ("id") DEFERRABLE INITIALLY DEFERRED, "user_id" bigint NOT NULL REFERENCES "users_user" ("id") DEFERRABLE INITIALLY DEFERRED, CONSTRAINT "unique_user_subscription" UNIQUE ("user_id", "subscribed_user_id"));
CREATE TABLE IF NOT EXISTS "django_admin_log" ("id" integer NOT NULL PRIMARY KEY AUTOINCREMENT, "object_id" text NULL, "object_repr" varchar(200) NOT NULL, "action_flag" smallint unsigned NOT NULL CHECK ("action_flag" >= 0), "change_message" text NOT NULL, "content_type_id" integer NULL REFERENCES "django_content_type" ("id") DEFERRABLE INITIALLY DEFERRED, "user_id" bigint NOT NULL REFERENCES "users_user" ("id") DEFERRABLE INITIALLY DEFERRED, "action_time" datetime NOT NULL);
INSERT INTO django_admin_log VALUES(1,'1','49e3091011bb62b3d7b675b6492f9dea0bacc3d6',1,'[{"added": {}}]',7,1,'2025-02-10 11:54:00.881118');
CREATE TABLE IF NOT EXISTS "authtoken_token" ("key" varchar(40) NOT NULL PRIMARY KEY, "created" datetime NOT NULL, "user_id" bigint NOT NULL UNIQUE REFERENCES "users_user" ("id") DEFERRABLE INITIALLY DEFERRED);
INSERT INTO authtoken_token VALUES('49e3091011bb62b3d7b675b6492f9dea0bacc3d6','2025-02-10 11:54:00.872781',1);
INSERT INTO authtoken_token VALUES('aa1a720bb3ef68681266f55e8129769dd0bfd6fe','2025-03-06 14:14:58.050081',3);
INSERT INTO authtoken_token VALUES('e7527ae2793249282bc987958a8e7a2139e96578','2025-03-06 14:15:03.777123',2);
CREATE TABLE IF NOT EXISTS "ingredients_ingredient" ("id" integer NOT NULL PRIMARY KEY AUTOINCREMENT, "name" varchar(128) NOT NULL UNIQUE, "measurement_unit" varchar(64) NOT NULL);
INSERT INTO ingredients_ingredient VALUES(1,'абрикосовое варенье','г');
INSERT INTO ingredients_ingredient VALUES(2,'абрикосовое пюре','г');
INSERT INTO ingredients_ingredient VALUES(3,'абрикосовый джем','г');
INSERT INTO ingredients_ingredient VALUES(4,'абрикосовый сок','мл');
INSERT INTO ingredients_ingredient VALUES(5,'абрикосы','г');
INSERT INTO ingredients_ingredient VALUES(6,'абрикосы консервированные','г');
INSERT INTO ingredients_ingredient VALUES(7,'авокадо','г');
INSERT INTO ingredients_ingredient VALUES(8,'агава сироп','мл');
INSERT INTO ingredients_ingredient VALUES(9,'агар-агар','г');
INSERT INTO ingredients_ingredient VALUES(10,'аграм','г');
INSERT INTO ingredients_ingredient VALUES(11,'аджика','г');
INSERT INTO ingredients_ingredient VALUES(12,'аджика зеленая','г');
INSERT INTO ingredients_ingredient VALUES(13,'айва','г');
INSERT INTO ingredients_ingredient VALUES(14,'айвовое пюре','г');
INSERT INTO ingredients_ingredient VALUES(15,'айран','г');
INSERT INTO ingredients_ingredient VALUES(16,'айсинг','г');
INSERT INTO ingredients_ingredient VALUES(17,'акула стейки','г');
INSERT INTO ingredients_ingredient VALUES(18,'алкоголь','мл');
INSERT INTO ingredients_ingredient VALUES(19,'алкоголь крепкий','мл');
INSERT INTO ingredients_ingredient VALUES(20,'алыча','г');
INSERT INTO ingredients_ingredient VALUES(21,'альбухара','шт.');
INSERT INTO ingredients_ingredient VALUES(22,'альмехи','г');
INSERT INTO ingredients_ingredient VALUES(23,'амарантовая мука','г');
INSERT INTO ingredients_ingredient VALUES(24,'ананасовый сироп','мл');
INSERT INTO ingredients_ingredient VALUES(25,'ананасовый сок','мл');
INSERT INTO ingredients_ingredient VALUES(26,'ананасы','г');
INSERT INTO ingredients_ingredient VALUES(27,'ананасы вяленые','г');
INSERT INTO ingredients_ingredient VALUES(28,'ананасы консервированные','г');
INSERT INTO ingredients_ingredient VALUES(29,'анис','г');
INSERT INTO ingredients_ingredient VALUES(30,'анис звездочки','г');
INSERT INTO ingredients_ingredient VALUES(31,'анисовый ликер','мл');
INSERT INTO ingredients_ingredient VALUES(32,'анис семена','г');
INSERT INTO ingredients_ingredient VALUES(33,'анчоусы','г');
INSERT INTO ingredients_ingredient VALUES(34,'апельсиновая вода','мл');
INSERT INTO ingredients_ingredient VALUES(35,'апельсиновая цедра','г');
INSERT INTO ingredients_ingredient VALUES(36,'апельсиновая эссенция','ч. л.');
INSERT INTO ingredients_ingredient VALUES(37,'апельсиновое варенье','г');
INSERT INTO ingredients_ingredient VALUES(38,'апельсиновые цукаты','г');
INSERT INTO ingredients_ingredient VALUES(39,'апельсиновый джем','г');
INSERT INTO ingredients_ingredient VALUES(40,'апельсиновый джем с имбирем','г');
INSERT INTO ingredients_ingredient VALUES(41,'апельсиновый ликер','мл');
INSERT INTO ingredients_ingredient VALUES(42,'апельсиновый сироп','мл');
INSERT INTO ingredients_ingredient VALUES(43,'апельсиновый сок','мл');
INSERT INTO ingredients_ingredient VALUES(44,'апельсиновый сок свежевыжатый','мл');
INSERT INTO ingredients_ingredient VALUES(45,'апельсиновый уксус','мл');
INSERT INTO ingredients_ingredient VALUES(46,'апельсиновый экстракт','ч. л.');
INSERT INTO ingredients_ingredient VALUES(47,'апельсины','г');
INSERT INTO ingredients_ingredient VALUES(48,'апельсины красные','шт.');
INSERT INTO ingredients_ingredient VALUES(49,'апельсины крупные','шт.');
INSERT INTO ingredients_ingredient VALUES(50,'арахис','г');
INSERT INTO ingredients_ingredient VALUES(51,'арахис жареный','г');
INSERT INTO ingredients_ingredient VALUES(52,'арахисовая паста','г');
INSERT INTO ingredients_ingredient VALUES(53,'арахисовое масло','г');
INSERT INTO ingredients_ingredient VALUES(54,'арахис соленый','г');
INSERT INTO ingredients_ingredient VALUES(55,'арбузная мякоть','г');
INSERT INTO ingredients_ingredient VALUES(56,'арбузы','г');
INSERT INTO ingredients_ingredient VALUES(57,'аргановое масло','г');
INSERT INTO ingredients_ingredient VALUES(58,'аришта','г');
INSERT INTO ingredients_ingredient VALUES(59,'ароматизатор','г');
INSERT INTO ingredients_ingredient VALUES(60,'ароматизатор "ананас"','капля');
INSERT INTO ingredients_ingredient VALUES(61,'ароматизатор "вишня"','капля');
INSERT INTO ingredients_ingredient VALUES(62,'ароматизатор "малина"','капля');
INSERT INTO ingredients_ingredient VALUES(63,'ароматизатор "ром"','капля');
INSERT INTO ingredients_ingredient VALUES(64,'артишоки','г');
INSERT INTO ingredients_ingredient VALUES(65,'артишоки в масле','г');
INSERT INTO ingredients_ingredient VALUES(66,'артишоки маринованные','г');
INSERT INTO ingredients_ingredient VALUES(67,'аспирин','шт.');
INSERT INTO ingredients_ingredient VALUES(68,'ассорти мясное','г');
INSERT INTO ingredients_ingredient VALUES(69,'ассорти овощное','г');
INSERT INTO ingredients_ingredient VALUES(70,'ассорти фруктовое','г');
INSERT INTO ingredients_ingredient VALUES(71,'ассорти ягодное','г');
INSERT INTO ingredients_ingredient VALUES(72,'аши','г');
INSERT INTO ingredients_ingredient VALUES(73,'багет','г');
INSERT INTO ingredients_ingredient VALUES(74,'багет вчерашний','г');
INSERT INTO ingredients_ingredient VALUES(75,'багет мини','г');
INSERT INTO ingredients_ingredient VALUES(76,'бадан','г');
INSERT INTO ingredients_ingredient VALUES(77,'бадьян','г');
INSERT INTO ingredients_ingredient VALUES(78,'базилик лимонный','г');
INSERT INTO ingredients_ingredient VALUES(79,'базилик свежий','г');
INSERT INTO ingredients_ingredient VALUES(80,'базилик сушеный','г');
INSERT INTO ingredients_ingredient VALUES(81,'базилик тайский','г');
INSERT INTO ingredients_ingredient VALUES(82,'базилик фиолетовый','г');
INSERT INTO ingredients_ingredient VALUES(83,'баклажаны','г');
INSERT INTO ingredients_ingredient VALUES(84,'баклажаны мини','г');
INSERT INTO ingredients_ingredient VALUES(85,'баклажаны тайские','г');
INSERT INTO ingredients_ingredient VALUES(86,'балык','г');
INSERT INTO ingredients_ingredient VALUES(87,'бальзам','г');
INSERT INTO ingredients_ingredient VALUES(88,'бальзамический крем','г');
INSERT INTO ingredients_ingredient VALUES(89,'бальзамический соус','мл');
INSERT INTO ingredients_ingredient VALUES(90,'бальзамический уксус','мл');
INSERT INTO ingredients_ingredient VALUES(91,'бальзам рижский черный','мл');
INSERT INTO ingredients_ingredient VALUES(92,'бамия','г');
INSERT INTO ingredients_ingredient VALUES(93,'банановое пюре','г');
INSERT INTO ingredients_ingredient VALUES(94,'банановые чипсы','г');
INSERT INTO ingredients_ingredient VALUES(95,'банановый зеленый сироп','мл');
INSERT INTO ingredients_ingredient VALUES(96,'банановый ликер','мл');
INSERT INTO ingredients_ingredient VALUES(97,'бананы','г');
INSERT INTO ingredients_ingredient VALUES(98,'бананы мини','г');
INSERT INTO ingredients_ingredient VALUES(99,'барабулька','г');
INSERT INTO ingredients_ingredient VALUES(100,'бараний ливер','г');
INSERT INTO ingredients_ingredient VALUES(101,'бараний окорок на косточке','г');
INSERT INTO ingredients_ingredient VALUES(102,'бараний фарш','г');
INSERT INTO ingredients_ingredient VALUES(103,'баранина','г');
INSERT INTO ingredients_ingredient VALUES(104,'баранки','г');
INSERT INTO ingredients_ingredient VALUES(105,'бараньи антрекоты','г');
INSERT INTO ingredients_ingredient VALUES(106,'бараньи голяшки','шт.');
INSERT INTO ingredients_ingredient VALUES(107,'бараньи потроха','г');
INSERT INTO ingredients_ingredient VALUES(108,'бараньи ребрышки','шт.');
INSERT INTO ingredients_ingredient VALUES(109,'баранья лопатка','г');
INSERT INTO ingredients_ingredient VALUES(110,'баранья нога','г');
INSERT INTO ingredients_ingredient VALUES(111,'баранья печень','г');
INSERT INTO ingredients_ingredient VALUES(112,'барбарис','г');
INSERT INTO ingredients_ingredient VALUES(113,'барбарис вяленый','ст. л.');
INSERT INTO ingredients_ingredient VALUES(114,'барбарис молотый','г');
INSERT INTO ingredients_ingredient VALUES(115,'бастурма','г');
INSERT INTO ingredients_ingredient VALUES(116,'батат','г');
INSERT INTO ingredients_ingredient VALUES(117,'батон','г');
INSERT INTO ingredients_ingredient VALUES(118,'батончики шоколадные','г');
INSERT INTO ingredients_ingredient VALUES(119,'безе','г');
INSERT INTO ingredients_ingredient VALUES(120,'бекон','г');
INSERT INTO ingredients_ingredient VALUES(121,'бекон варено-копченый','г');
INSERT INTO ingredients_ingredient VALUES(122,'бекон сырокопченый','г');
INSERT INTO ingredients_ingredient VALUES(123,'белорыбица','г');
INSERT INTO ingredients_ingredient VALUES(124,'бирнель','мл');
INSERT INTO ingredients_ingredient VALUES(125,'бисквик смесь готовая','г');
INSERT INTO ingredients_ingredient VALUES(126,'бисквит','г');
INSERT INTO ingredients_ingredient VALUES(127,'бисквитная крошка','г');
INSERT INTO ingredients_ingredient VALUES(128,'бисквитный корж','г');
INSERT INTO ingredients_ingredient VALUES(129,'бисквитный рулет','г');
INSERT INTO ingredients_ingredient VALUES(130,'бисквит шоколадный','г');
INSERT INTO ingredients_ingredient VALUES(131,'бифштекс','шт.');
INSERT INTO ingredients_ingredient VALUES(132,'блинная мука','г');
INSERT INTO ingredients_ingredient VALUES(133,'блины готовые','г');
INSERT INTO ingredients_ingredient VALUES(134,'блины овсяные','шт.');
INSERT INTO ingredients_ingredient VALUES(135,'бобовые ростки','г');
INSERT INTO ingredients_ingredient VALUES(136,'бобы','г');
INSERT INTO ingredients_ingredient VALUES(137,'бобы мунг пророщенные','г');
INSERT INTO ingredients_ingredient VALUES(138,'бобы тонка','шт.');
INSERT INTO ingredients_ingredient VALUES(139,'ботарга','г');
INSERT INTO ingredients_ingredient VALUES(140,'брезаола','г');
INSERT INTO ingredients_ingredient VALUES(141,'бренди','г');
INSERT INTO ingredients_ingredient VALUES(142,'брокколи замороженная','г');
INSERT INTO ingredients_ingredient VALUES(143,'брокколи свежая','г');
INSERT INTO ingredients_ingredient VALUES(144,'брусника замороженная','г');
INSERT INTO ingredients_ingredient VALUES(145,'брусника свежая','г');
INSERT INTO ingredients_ingredient VALUES(146,'брусника сушеная','г');
INSERT INTO ingredients_ingredient VALUES(147,'брусничное варенье','г');
INSERT INTO ingredients_ingredient VALUES(148,'брусничный соус','г');
INSERT INTO ingredients_ingredient VALUES(149,'брынза','г');
INSERT INTO ingredients_ingredient VALUES(150,'брынза сербская','г');
INSERT INTO ingredients_ingredient VALUES(151,'брюква','г');
INSERT INTO ingredients_ingredient VALUES(152,'буженина','г');
INSERT INTO ingredients_ingredient VALUES(153,'бузина сироп','мл');
INSERT INTO ingredients_ingredient VALUES(154,'букет гарни','г');
INSERT INTO ingredients_ingredient VALUES(155,'булгур','г');
INSERT INTO ingredients_ingredient VALUES(156,'булка','г');
INSERT INTO ingredients_ingredient VALUES(157,'булка белая','г');
INSERT INTO ingredients_ingredient VALUES(158,'булка сдобная','г');
INSERT INTO ingredients_ingredient VALUES(159,'булочки','г');
INSERT INTO ingredients_ingredient VALUES(160,'булочки белые черствые','г');
INSERT INTO ingredients_ingredient VALUES(161,'булочки бриошь','шт.');
INSERT INTO ingredients_ingredient VALUES(162,'булочки вчерашние','шт.');
INSERT INTO ingredients_ingredient VALUES(163,'булочки для гамбургеров','шт.');
INSERT INTO ingredients_ingredient VALUES(164,'булочки зерновые','шт.');
INSERT INTO ingredients_ingredient VALUES(165,'булочки ржаные','кусок');
INSERT INTO ingredients_ingredient VALUES(166,'булочки с кунжутом','шт.');
INSERT INTO ingredients_ingredient VALUES(167,'бульон','мл');
INSERT INTO ingredients_ingredient VALUES(168,'бульонные кубики','г');
INSERT INTO ingredients_ingredient VALUES(169,'бурбон','мл');
INSERT INTO ingredients_ingredient VALUES(170,'Буррата','г');
INSERT INTO ingredients_ingredient VALUES(171,'буряк','г');
INSERT INTO ingredients_ingredient VALUES(172,'бусинки кондитерские','ч. л.');
INSERT INTO ingredients_ingredient VALUES(173,'бусинки кондитерские серебряные','г');
INSERT INTO ingredients_ingredient VALUES(174,'бычий хвост','г');
INSERT INTO ingredients_ingredient VALUES(175,'ванилин','г');
INSERT INTO ingredients_ingredient VALUES(176,'ваниль в стручках','г');
INSERT INTO ingredients_ingredient VALUES(177,'ванильная настойка','мл');
INSERT INTO ingredients_ingredient VALUES(178,'ванильная эссенция','г');
INSERT INTO ingredients_ingredient VALUES(179,'ванильный порошок','г');
INSERT INTO ingredients_ingredient VALUES(180,'ванильный сироп','мл');
INSERT INTO ingredients_ingredient VALUES(181,'ванильный экстракт','г');
INSERT INTO ingredients_ingredient VALUES(182,'варенье','г');
INSERT INTO ingredients_ingredient VALUES(183,'васаби','г');
INSERT INTO ingredients_ingredient VALUES(184,'вафельная крошка','г');
INSERT INTO ingredients_ingredient VALUES(185,'вафельные коржи','г');
INSERT INTO ingredients_ingredient VALUES(186,'вафельные трубочки','г');
INSERT INTO ingredients_ingredient VALUES(187,'вафли','г');
INSERT INTO ingredients_ingredient VALUES(188,'вафли шоколадные','г');
INSERT INTO ingredients_ingredient VALUES(189,'вермишель','г');
INSERT INTO ingredients_ingredient VALUES(190,'вермишель яичная','г');
INSERT INTO ingredients_ingredient VALUES(191,'вермут','мл');
INSERT INTO ingredients_ingredient VALUES(192,'вермут белый','мл');
INSERT INTO ingredients_ingredient VALUES(193,'вермут сухой','мл');
INSERT INTO ingredients_ingredient VALUES(194,'ветчина','г');
INSERT INTO ingredients_ingredient VALUES(195,'ветчина вареная','г');
INSERT INTO ingredients_ingredient VALUES(196,'ветчина варено-копченая','г');
INSERT INTO ingredients_ingredient VALUES(197,'ветчина копченая','г');
INSERT INTO ingredients_ingredient VALUES(198,'ветчина пармская','г');
INSERT INTO ingredients_ingredient VALUES(199,'ветчина сырокопченая','г');
INSERT INTO ingredients_ingredient VALUES(200,'вешенки','г');
INSERT INTO ingredients_ingredient VALUES(201,'винегрет','г');
INSERT INTO ingredients_ingredient VALUES(202,'винный камень','г');
INSERT INTO ingredients_ingredient VALUES(203,'винный уксус','мл');
INSERT INTO ingredients_ingredient VALUES(204,'винный уксус белый','мл');
INSERT INTO ingredients_ingredient VALUES(205,'винный уксус красный','мл');
INSERT INTO ingredients_ingredient VALUES(206,'винный уксус на чесноке','мл');
INSERT INTO ingredients_ingredient VALUES(207,'винный уксус на эстрагоне','мл');
INSERT INTO ingredients_ingredient VALUES(208,'вино белое','мл');
INSERT INTO ingredients_ingredient VALUES(209,'вино белое полусладкое','мл');
INSERT INTO ingredients_ingredient VALUES(210,'вино белое полусухое','мл');
INSERT INTO ingredients_ingredient VALUES(211,'вино белое сладкое','мл');
INSERT INTO ingredients_ingredient VALUES(212,'вино белое столовое','мл');
INSERT INTO ingredients_ingredient VALUES(213,'вино белое сухое','мл');
INSERT INTO ingredients_ingredient VALUES(214,'виноград','г');
INSERT INTO ingredients_ingredient VALUES(215,'виноград без косточек','г');
INSERT INTO ingredients_ingredient VALUES(216,'виноград белый','г');
INSERT INTO ingredients_ingredient VALUES(217,'виноград изабелла','г');
INSERT INTO ingredients_ingredient VALUES(218,'виноградное желе','г');
INSERT INTO ingredients_ingredient VALUES(219,'виноградные листья','г');
INSERT INTO ingredients_ingredient VALUES(220,'виноградные листья маринованные','г');
INSERT INTO ingredients_ingredient VALUES(221,'виноградные листья молодые','шт.');
INSERT INTO ingredients_ingredient VALUES(222,'виноградный сок','мл');
INSERT INTO ingredients_ingredient VALUES(223,'виноградный сок осветленный','мл');
INSERT INTO ingredients_ingredient VALUES(224,'виноград синий','г');
INSERT INTO ingredients_ingredient VALUES(225,'виноград черный','г');
INSERT INTO ingredients_ingredient VALUES(226,'вино десертное','мл');
INSERT INTO ingredients_ingredient VALUES(227,'вино игристое сухое','мл');
INSERT INTO ingredients_ingredient VALUES(228,'вино красное','мл');
INSERT INTO ingredients_ingredient VALUES(229,'вино красное полусладкое','мл');
INSERT INTO ingredients_ingredient VALUES(230,'вино красное полусухое','мл');
INSERT INTO ingredients_ingredient VALUES(231,'вино красное сладкое','мл');
INSERT INTO ingredients_ingredient VALUES(232,'вино красное сухое','мл');
INSERT INTO ingredients_ingredient VALUES(233,'вино крепленое','мл');
INSERT INTO ingredients_ingredient VALUES(234,'вино розовое полусладкое','мл');
INSERT INTO ingredients_ingredient VALUES(235,'вино розовое полусухое','мл');
INSERT INTO ingredients_ingredient VALUES(236,'виски','мл');
INSERT INTO ingredients_ingredient VALUES(237,'витамин C в порошке','г');
INSERT INTO ingredients_ingredient VALUES(238,'вишневая настойка','мл');
INSERT INTO ingredients_ingredient VALUES(239,'вишневое варенье','г');
INSERT INTO ingredients_ingredient VALUES(240,'вишневые листья','г');
INSERT INTO ingredients_ingredient VALUES(241,'вишневый джем','г');
INSERT INTO ingredients_ingredient VALUES(242,'вишневый ликер','мл');
INSERT INTO ingredients_ingredient VALUES(243,'вишневый сироп','мл');
INSERT INTO ingredients_ingredient VALUES(244,'вишневый сок','мл');
INSERT INTO ingredients_ingredient VALUES(245,'вишня','г');
INSERT INTO ingredients_ingredient VALUES(246,'вишня вяленая','г');
INSERT INTO ingredients_ingredient VALUES(247,'вишня замороженная','г');
INSERT INTO ingredients_ingredient VALUES(248,'вишня засахаренная кондитерская','шт.');
INSERT INTO ingredients_ingredient VALUES(249,'вишня коктейльная','г');
INSERT INTO ingredients_ingredient VALUES(250,'вишня мараскино','г');
INSERT INTO ingredients_ingredient VALUES(251,'вишня, протертая с сахаром','г');
INSERT INTO ingredients_ingredient VALUES(252,'вода','мл');
INSERT INTO ingredients_ingredient VALUES(253,'вода минеральная без газа','мл');
INSERT INTO ingredients_ingredient VALUES(254,'вода минеральная газированная','мл');
INSERT INTO ingredients_ingredient VALUES(255,'водка','мл');
INSERT INTO ingredients_ingredient VALUES(256,'водка анисовая','мл');
INSERT INTO ingredients_ingredient VALUES(257,'водоросли','г');
INSERT INTO ingredients_ingredient VALUES(258,'вустерширский соус','мл');
INSERT INTO ingredients_ingredient VALUES(259,'галангал корень','г');
INSERT INTO ingredients_ingredient VALUES(260,'галеты','г');
INSERT INTO ingredients_ingredient VALUES(261,'гамбургер','г');
INSERT INTO ingredients_ingredient VALUES(262,'ганаш','г');
INSERT INTO ingredients_ingredient VALUES(263,'гарам масала','г');
INSERT INTO ingredients_ingredient VALUES(264,'гарнир','г');
INSERT INTO ingredients_ingredient VALUES(265,'гаспачо','г');
INSERT INTO ingredients_ingredient VALUES(266,'гвоздика','г');
INSERT INTO ingredients_ingredient VALUES(267,'гвоздика молотая','г');
INSERT INTO ingredients_ingredient VALUES(268,'герань листья','г');
INSERT INTO ingredients_ingredient VALUES(269,'геркулес','г');
INSERT INTO ingredients_ingredient VALUES(270,'глазурь','г');
INSERT INTO ingredients_ingredient VALUES(271,'глазурь белая','г');
INSERT INTO ingredients_ingredient VALUES(272,'глазурь готовая','г');
INSERT INTO ingredients_ingredient VALUES(273,'глазурь черная','г');
INSERT INTO ingredients_ingredient VALUES(274,'глазурь шоколадная белая','г');
INSERT INTO ingredients_ingredient VALUES(275,'глутамат натрия','г');
INSERT INTO ingredients_ingredient VALUES(276,'глюкоза','г');
INSERT INTO ingredients_ingredient VALUES(277,'глюкоза сироп','мл');
INSERT INTO ingredients_ingredient VALUES(278,'говядина','г');
INSERT INTO ingredients_ingredient VALUES(279,'говядина на кости','г');
INSERT INTO ingredients_ingredient VALUES(280,'говяжий фарш','г');
INSERT INTO ingredients_ingredient VALUES(281,'говяжий язык','г');
INSERT INTO ingredients_ingredient VALUES(282,'говяжье сердце','г');
INSERT INTO ingredients_ingredient VALUES(283,'говяжьи бифштексы','г');
INSERT INTO ingredients_ingredient VALUES(284,'говяжьи голяшки','г');
INSERT INTO ingredients_ingredient VALUES(285,'говяжьи легкие','г');
INSERT INTO ingredients_ingredient VALUES(286,'говяжьи ребра','г');
INSERT INTO ingredients_ingredient VALUES(287,'говяжьи стейки рибай','г');
INSERT INTO ingredients_ingredient VALUES(288,'говяжья вырезка','шт.');
INSERT INTO ingredients_ingredient VALUES(289,'говяжья грудинка','г');
INSERT INTO ingredients_ingredient VALUES(290,'говяжья лопатка','г');
INSERT INTO ingredients_ingredient VALUES(291,'говяжья мозговая кость','шт.');
INSERT INTO ingredients_ingredient VALUES(292,'говяжья мякоть','г');
INSERT INTO ingredients_ingredient VALUES(293,'говяжья печень','г');
INSERT INTO ingredients_ingredient VALUES(294,'говяжья черева','г');
INSERT INTO ingredients_ingredient VALUES(295,'говяжья шейка','г');
INSERT INTO ingredients_ingredient VALUES(296,'годжи','г');
INSERT INTO ingredients_ingredient VALUES(297,'голец филе','г');
INSERT INTO ingredients_ingredient VALUES(298,'голубика','г');
INSERT INTO ingredients_ingredient VALUES(299,'голубика замороженная','г');
INSERT INTO ingredients_ingredient VALUES(300,'голубь','г');
INSERT INTO ingredients_ingredient VALUES(301,'горбуша','г');
INSERT INTO ingredients_ingredient VALUES(302,'горбуша в собственном соку','банка');
INSERT INTO ingredients_ingredient VALUES(303,'горбуша филе','г');
INSERT INTO ingredients_ingredient VALUES(304,'горгонзола','г');
INSERT INTO ingredients_ingredient VALUES(305,'горгонзола пиканте','г');
INSERT INTO ingredients_ingredient VALUES(306,'горох','г');
INSERT INTO ingredients_ingredient VALUES(307,'горох колотый','г');
INSERT INTO ingredients_ingredient VALUES(308,'гороховые ростки','г');
INSERT INTO ingredients_ingredient VALUES(309,'гороховый суп','мл');
INSERT INTO ingredients_ingredient VALUES(310,'горошек зеленый','г');
INSERT INTO ingredients_ingredient VALUES(311,'горошек зеленый замороженный','г');
INSERT INTO ingredients_ingredient VALUES(312,'горошек зеленый консервированный','г');
INSERT INTO ingredients_ingredient VALUES(313,'горошек стручковый свежий','г');
INSERT INTO ingredients_ingredient VALUES(314,'горчица','г');
INSERT INTO ingredients_ingredient VALUES(315,'горчица дижонская','г');
INSERT INTO ingredients_ingredient VALUES(316,'горчица дижонская с медом','г');
INSERT INTO ingredients_ingredient VALUES(317,'горчица желтая семена','г');
INSERT INTO ingredients_ingredient VALUES(318,'горчица острая','г');
INSERT INTO ingredients_ingredient VALUES(319,'горчица русская','г');
INSERT INTO ingredients_ingredient VALUES(320,'горчица семена','г');
INSERT INTO ingredients_ingredient VALUES(321,'горчица с зернами','г');
INSERT INTO ingredients_ingredient VALUES(322,'горчица сухая','г');
INSERT INTO ingredients_ingredient VALUES(323,'горчица французская','г');
INSERT INTO ingredients_ingredient VALUES(324,'горчица цитрусовая','г');
INSERT INTO ingredients_ingredient VALUES(325,'горчичное масло','мл');
INSERT INTO ingredients_ingredient VALUES(326,'горчичный порошок','г');
INSERT INTO ingredients_ingredient VALUES(327,'грана падано','г');
INSERT INTO ingredients_ingredient VALUES(328,'гранатные зерна','г');
INSERT INTO ingredients_ingredient VALUES(329,'гранатовая паста','г');
INSERT INTO ingredients_ingredient VALUES(330,'гранатовый сироп','мл');
INSERT INTO ingredients_ingredient VALUES(331,'гранатовый сок','мл');
INSERT INTO ingredients_ingredient VALUES(332,'гранатовый сок свежевыжатый','мл');
INSERT INTO ingredients_ingredient VALUES(333,'гранатовый соус','мл');
INSERT INTO ingredients_ingredient VALUES(334,'гранаты','г');
INSERT INTO ingredients_ingredient VALUES(335,'гранита','г');
INSERT INTO ingredients_ingredient VALUES(336,'гранола с орехами','г');
INSERT INTO ingredients_ingredient VALUES(337,'граппа','г');
INSERT INTO ingredients_ingredient VALUES(338,'гратен','г');
INSERT INTO ingredients_ingredient VALUES(339,'грейпфрутовая цедра','г');
INSERT INTO ingredients_ingredient VALUES(340,'грейпфрутовый сок','г');
INSERT INTO ingredients_ingredient VALUES(341,'грейпфруты','г');
INSERT INTO ingredients_ingredient VALUES(342,'грейпфруты розовые','г');
INSERT INTO ingredients_ingredient VALUES(343,'гренадин','г');
INSERT INTO ingredients_ingredient VALUES(344,'гренки','г');
INSERT INTO ingredients_ingredient VALUES(345,'грецкие орехи','г');
INSERT INTO ingredients_ingredient VALUES(346,'грецкие орехи рубленые','г');
INSERT INTO ingredients_ingredient VALUES(347,'гречневая крупа','г');
INSERT INTO ingredients_ingredient VALUES(348,'гречневая крупа зеленая','г');
INSERT INTO ingredients_ingredient VALUES(349,'гречневая лапша соба','г');
INSERT INTO ingredients_ingredient VALUES(350,'гречневая мука','г');
INSERT INTO ingredients_ingredient VALUES(351,'гречневое молоко','мл');
INSERT INTO ingredients_ingredient VALUES(352,'гречневые хлопья','г');
INSERT INTO ingredients_ingredient VALUES(353,'грибы','г');
INSERT INTO ingredients_ingredient VALUES(354,'грибы белые','г');
INSERT INTO ingredients_ingredient VALUES(355,'грибы белые замороженные','г');
INSERT INTO ingredients_ingredient VALUES(356,'грибы белые маринованные','г');
INSERT INTO ingredients_ingredient VALUES(357,'грибы белые сухие','г');
INSERT INTO ingredients_ingredient VALUES(358,'грибы замороженные','г');
INSERT INTO ingredients_ingredient VALUES(359,'грибы замороженные (опята и маслята)','г');
INSERT INTO ingredients_ingredient VALUES(360,'грибы лесные','г');
INSERT INTO ingredients_ingredient VALUES(361,'грибы маринованные','г');
INSERT INTO ingredients_ingredient VALUES(362,'грибы свежие','г');
INSERT INTO ingredients_ingredient VALUES(363,'грибы соленые','г');
INSERT INTO ingredients_ingredient VALUES(364,'грибы соломенные консервированные','г');
INSERT INTO ingredients_ingredient VALUES(365,'грибы сухие','г');
INSERT INTO ingredients_ingredient VALUES(366,'грибы шиитаке','г');
INSERT INTO ingredients_ingredient VALUES(367,'грибы шиитаке сухие','г');
INSERT INTO ingredients_ingredient VALUES(368,'гриль','г');
INSERT INTO ingredients_ingredient VALUES(369,'гриссини','г');
INSERT INTO ingredients_ingredient VALUES(370,'грудинка','г');
INSERT INTO ingredients_ingredient VALUES(371,'грудинка варено-копченая','г');
INSERT INTO ingredients_ingredient VALUES(372,'грудинка копченая','г');
INSERT INTO ingredients_ingredient VALUES(373,'грушевое пюре','г');
INSERT INTO ingredients_ingredient VALUES(374,'грушевый ликер','мл');
INSERT INTO ingredients_ingredient VALUES(375,'грушевый сироп','мл');
INSERT INTO ingredients_ingredient VALUES(376,'грушевый сок','мл');
INSERT INTO ingredients_ingredient VALUES(377,'грушевый уксус','мл');
INSERT INTO ingredients_ingredient VALUES(378,'груши','г');
INSERT INTO ingredients_ingredient VALUES(379,'груши вяленые','г');
INSERT INTO ingredients_ingredient VALUES(380,'грюйер','г');
INSERT INTO ingredients_ingredient VALUES(381,'гуава','г');
INSERT INTO ingredients_ingredient VALUES(382,'гуанчиале','г');
INSERT INTO ingredients_ingredient VALUES(383,'гурьевская каша','г');
INSERT INTO ingredients_ingredient VALUES(384,'гусиная грудка копченая','г');
INSERT INTO ingredients_ingredient VALUES(385,'гусиная печень','г');
INSERT INTO ingredients_ingredient VALUES(386,'гусиный жир','ст. л.');
INSERT INTO ingredients_ingredient VALUES(387,'гусь','г');
INSERT INTO ingredients_ingredient VALUES(388,'гусь тушка','г');
INSERT INTO ingredients_ingredient VALUES(389,'дайкон','г');
INSERT INTO ingredients_ingredient VALUES(390,'детское питание','г');
INSERT INTO ingredients_ingredient VALUES(391,'джем','г');
INSERT INTO ingredients_ingredient VALUES(392,'джин','мл');
INSERT INTO ingredients_ingredient VALUES(393,'джусай','г');
INSERT INTO ingredients_ingredient VALUES(394,'диоксид титана','г');
INSERT INTO ingredients_ingredient VALUES(395,'долма','г');
INSERT INTO ingredients_ingredient VALUES(396,'дорада','г');
INSERT INTO ingredients_ingredient VALUES(397,'дорада потрошеная с головой','г');
INSERT INTO ingredients_ingredient VALUES(398,'дорада с головой','г');
INSERT INTO ingredients_ingredient VALUES(399,'дорада тушка','г');
INSERT INTO ingredients_ingredient VALUES(400,'драже','г');
INSERT INTO ingredients_ingredient VALUES(401,'дрожжи домашние','г');
INSERT INTO ingredients_ingredient VALUES(402,'дрожжи свежие','г');
INSERT INTO ingredients_ingredient VALUES(403,'дрожжи сухие','г');
INSERT INTO ingredients_ingredient VALUES(404,'дубовая кора','г');
INSERT INTO ingredients_ingredient VALUES(405,'душица','г');
INSERT INTO ingredients_ingredient VALUES(406,'дыня','г');
INSERT INTO ingredients_ingredient VALUES(407,'ежевика','г');
INSERT INTO ingredients_ingredient VALUES(408,'ежевика замороженная','г');
INSERT INTO ingredients_ingredient VALUES(409,'ёрш','г');
INSERT INTO ingredients_ingredient VALUES(410,'ёрш-носарь','г');
INSERT INTO ingredients_ingredient VALUES(411,'желатин','г');
INSERT INTO ingredients_ingredient VALUES(412,'желатин листовой','г');
INSERT INTO ingredients_ingredient VALUES(413,'желе','г');
INSERT INTO ingredients_ingredient VALUES(414,'желе для торта','г');
INSERT INTO ingredients_ingredient VALUES(415,'желирующее вещество','г');
INSERT INTO ingredients_ingredient VALUES(416,'желирующий сахар','г');
INSERT INTO ingredients_ingredient VALUES(417,'женьшень','г');
INSERT INTO ingredients_ingredient VALUES(418,'жидкий дым','мл');
INSERT INTO ingredients_ingredient VALUES(419,'жимолость','г');
INSERT INTO ingredients_ingredient VALUES(420,'жир','г');
INSERT INTO ingredients_ingredient VALUES(421,'жир вытопленный','г');
INSERT INTO ingredients_ingredient VALUES(422,'жир кулинарный','г');
INSERT INTO ingredients_ingredient VALUES(423,'жир растительный','г');
INSERT INTO ingredients_ingredient VALUES(424,'заатар','г');
INSERT INTO ingredients_ingredient VALUES(425,'завтрак сухой','г');
INSERT INTO ingredients_ingredient VALUES(426,'завтрак сухой подушечки','г');
INSERT INTO ingredients_ingredient VALUES(427,'загуститель для сливок','г');
INSERT INTO ingredients_ingredient VALUES(428,'зайчатина','г');
INSERT INTO ingredients_ingredient VALUES(429,'закваска','г');
INSERT INTO ingredients_ingredient VALUES(430,'закваска вечная','г');
INSERT INTO ingredients_ingredient VALUES(431,'заменитель сахара','г');
INSERT INTO ingredients_ingredient VALUES(432,'заменитель сахара стевия','г');
INSERT INTO ingredients_ingredient VALUES(433,'заправка для салатов готовая','г');
INSERT INTO ingredients_ingredient VALUES(434,'зверобой','г');
INSERT INTO ingredients_ingredient VALUES(435,'зелень','г');
INSERT INTO ingredients_ingredient VALUES(436,'зелень рубленая','г');
INSERT INTO ingredients_ingredient VALUES(437,'земляника','г');
INSERT INTO ingredients_ingredient VALUES(438,'земляника замороженная','г');
INSERT INTO ingredients_ingredient VALUES(439,'зефир','г');
INSERT INTO ingredients_ingredient VALUES(440,'зира','г');
INSERT INTO ingredients_ingredient VALUES(441,'злаковые хлопья','г');
INSERT INTO ingredients_ingredient VALUES(442,'зубатка','г');
INSERT INTO ingredients_ingredient VALUES(443,'зубатка филе','г');
INSERT INTO ingredients_ingredient VALUES(444,'изолят соевого протеина','г');
INSERT INTO ingredients_ingredient VALUES(445,'изюм','г');
INSERT INTO ingredients_ingredient VALUES(446,'изюм без косточек','г');
INSERT INTO ingredients_ingredient VALUES(447,'изюм белый','г');
INSERT INTO ingredients_ingredient VALUES(448,'изюм черный','г');
INSERT INTO ingredients_ingredient VALUES(449,'икра','г');
INSERT INTO ingredients_ingredient VALUES(450,'икра вяленой рыбы','г');
INSERT INTO ingredients_ingredient VALUES(451,'икра горбуши зернистая','г');
INSERT INTO ingredients_ingredient VALUES(452,'икра красная','г');
INSERT INTO ingredients_ingredient VALUES(453,'икра красной рыбы мелкая','г');
INSERT INTO ingredients_ingredient VALUES(454,'икра летучей рыбы','г');
INSERT INTO ingredients_ingredient VALUES(455,'икра лосося','г');
INSERT INTO ingredients_ingredient VALUES(456,'икра мойвы','г');
INSERT INTO ingredients_ingredient VALUES(457,'икра палтуса','г');
INSERT INTO ingredients_ingredient VALUES(458,'икра судака','г');
INSERT INTO ingredients_ingredient VALUES(459,'икра черная','г');
INSERT INTO ingredients_ingredient VALUES(460,'имбирное варенье','г');
INSERT INTO ingredients_ingredient VALUES(461,'имбирное печенье','г');
INSERT INTO ingredients_ingredient VALUES(462,'имбирные цукаты','г');
INSERT INTO ingredients_ingredient VALUES(463,'имбирь','г');
INSERT INTO ingredients_ingredient VALUES(464,'имбирь засахаренный','г');
INSERT INTO ingredients_ingredient VALUES(465,'имбирь корень','г');
INSERT INTO ingredients_ingredient VALUES(466,'имбирь маринованный','г');
INSERT INTO ingredients_ingredient VALUES(467,'имбирь молотый','г');
INSERT INTO ingredients_ingredient VALUES(468,'индейка','г');
INSERT INTO ingredients_ingredient VALUES(469,'индейка голень','г');
INSERT INTO ingredients_ingredient VALUES(470,'индейка грудка','г');
INSERT INTO ingredients_ingredient VALUES(471,'индейка копченая','г');
INSERT INTO ingredients_ingredient VALUES(472,'индейка тушка','шт.');
INSERT INTO ingredients_ingredient VALUES(473,'индейка фарш','г');
INSERT INTO ingredients_ingredient VALUES(474,'индейка филе','г');
INSERT INTO ingredients_ingredient VALUES(475,'индоутка','шт.');
INSERT INTO ingredients_ingredient VALUES(476,'индюшачья печень','г');
INSERT INTO ingredients_ingredient VALUES(477,'инжир','г');
INSERT INTO ingredients_ingredient VALUES(478,'инжир свежий','г');
INSERT INTO ingredients_ingredient VALUES(479,'инжир сушеный','г');
INSERT INTO ingredients_ingredient VALUES(480,'ирга','г');
INSERT INTO ingredients_ingredient VALUES(481,'ириски','г');
INSERT INTO ingredients_ingredient VALUES(482,'итальянские травы','г');
INSERT INTO ingredients_ingredient VALUES(483,'йогурт','г');
INSERT INTO ingredients_ingredient VALUES(484,'йогурт греческий','г');
INSERT INTO ingredients_ingredient VALUES(485,'йогурт жирный','г');
INSERT INTO ingredients_ingredient VALUES(486,'йогурт козий','г');
INSERT INTO ingredients_ingredient VALUES(487,'йогурт натуральный','г');
INSERT INTO ingredients_ingredient VALUES(488,'йогурт нежирный','г');
INSERT INTO ingredients_ingredient VALUES(489,'йогурт обезжиренный','г');
INSERT INTO ingredients_ingredient VALUES(490,'йогурт фруктовый','г');
INSERT INTO ingredients_ingredient VALUES(491,'кабачки','г');
INSERT INTO ingredients_ingredient VALUES(492,'кабачки замороженные','г');
INSERT INTO ingredients_ingredient VALUES(493,'кабачки молодые','г');
INSERT INTO ingredients_ingredient VALUES(494,'каджунская смесь специй','г');
INSERT INTO ingredients_ingredient VALUES(495,'какао','г');
INSERT INTO ingredients_ingredient VALUES(496,'какао-бобы','г');
INSERT INTO ingredients_ingredient VALUES(497,'какао-масло','г');
INSERT INTO ingredients_ingredient VALUES(498,'какао-порошок','г');
INSERT INTO ingredients_ingredient VALUES(499,'какао-порошок обезжиренный','г');
INSERT INTO ingredients_ingredient VALUES(500,'какао сгущенное','г');
INSERT INTO ingredients_ingredient VALUES(501,'калина','г');
INSERT INTO ingredients_ingredient VALUES(502,'калина протертая','г');
INSERT INTO ingredients_ingredient VALUES(503,'калинджи семена','ч. л.');
INSERT INTO ingredients_ingredient VALUES(504,'кальвадос','г');
INSERT INTO ingredients_ingredient VALUES(505,'кальмары','г');
INSERT INTO ingredients_ingredient VALUES(506,'кальмары вареные','г');
INSERT INTO ingredients_ingredient VALUES(507,'кальмары замороженные','г');
INSERT INTO ingredients_ingredient VALUES(508,'кальмары консервированные','г');
INSERT INTO ingredients_ingredient VALUES(509,'кальмары филе','г');
INSERT INTO ingredients_ingredient VALUES(510,'камамбер','г');
INSERT INTO ingredients_ingredient VALUES(511,'камбала','г');
INSERT INTO ingredients_ingredient VALUES(512,'камбала филе','г');
INSERT INTO ingredients_ingredient VALUES(513,'кампари','мл');
INSERT INTO ingredients_ingredient VALUES(514,'кандурин золотой','ч. л.');
INSERT INTO ingredients_ingredient VALUES(515,'каннеллони','г');
INSERT INTO ingredients_ingredient VALUES(516,'капеллини','г');
INSERT INTO ingredients_ingredient VALUES(517,'каперсы','г');
INSERT INTO ingredients_ingredient VALUES(518,'каперсы в винном уксусе','г');
INSERT INTO ingredients_ingredient VALUES(519,'каперсы маринованные','г');
INSERT INTO ingredients_ingredient VALUES(520,'капуста белокочанная','г');
INSERT INTO ingredients_ingredient VALUES(521,'капуста брюссельская','г');
INSERT INTO ingredients_ingredient VALUES(522,'капуста брюссельская замороженная','г');
INSERT INTO ingredients_ingredient VALUES(523,'капуста кале','г');
INSERT INTO ingredients_ingredient VALUES(524,'капуста квашеная','г');
INSERT INTO ingredients_ingredient VALUES(525,'капуста кольраби','г');
INSERT INTO ingredients_ingredient VALUES(526,'капуста краснокочанная','г');
INSERT INTO ingredients_ingredient VALUES(527,'капуста морская','г');
INSERT INTO ingredients_ingredient VALUES(528,'капуста морская замороженная','г');
INSERT INTO ingredients_ingredient VALUES(529,'капуста морская сушеная','г');
INSERT INTO ingredients_ingredient VALUES(530,'капуста пекинская','г');
INSERT INTO ingredients_ingredient VALUES(531,'капуста савойская','г');
INSERT INTO ingredients_ingredient VALUES(532,'капуста цветная','г');
INSERT INTO ingredients_ingredient VALUES(533,'капуста цветная замороженная','г');
INSERT INTO ingredients_ingredient VALUES(534,'капустный рассол','г');
INSERT INTO ingredients_ingredient VALUES(535,'капучино','г');
INSERT INTO ingredients_ingredient VALUES(536,'каракатица','г');
INSERT INTO ingredients_ingredient VALUES(537,'каракатица очищенная','г');
INSERT INTO ingredients_ingredient VALUES(538,'карамбола','г');
INSERT INTO ingredients_ingredient VALUES(539,'карамель','г');
INSERT INTO ingredients_ingredient VALUES(540,'карамельный соус','г');
INSERT INTO ingredients_ingredient VALUES(541,'карамель с начинкой','г');
INSERT INTO ingredients_ingredient VALUES(542,'карамель соленая','г');
INSERT INTO ingredients_ingredient VALUES(543,'карась','г');
INSERT INTO ingredients_ingredient VALUES(544,'карбонад','г');
INSERT INTO ingredients_ingredient VALUES(545,'кардамон','г');
INSERT INTO ingredients_ingredient VALUES(546,'кардамон зерна','г');
INSERT INTO ingredients_ingredient VALUES(547,'кардамон молотый','г');
INSERT INTO ingredients_ingredient VALUES(548,'кардамон стручки','г');
INSERT INTO ingredients_ingredient VALUES(549,'каркаде','г');
INSERT INTO ingredients_ingredient VALUES(550,'карп','г');
INSERT INTO ingredients_ingredient VALUES(551,'карп зеркальный','г');
INSERT INTO ingredients_ingredient VALUES(552,'карп филе','г');
INSERT INTO ingredients_ingredient VALUES(553,'карри','г');
INSERT INTO ingredients_ingredient VALUES(554,'карри листья','г');
INSERT INTO ingredients_ingredient VALUES(555,'карри паста','г');
INSERT INTO ingredients_ingredient VALUES(556,'картофель','г');
INSERT INTO ingredients_ingredient VALUES(557,'картофель вареный','г');
INSERT INTO ingredients_ingredient VALUES(558,'картофель вареный в мундире','г');
INSERT INTO ingredients_ingredient VALUES(559,'картофель молодой','г');
INSERT INTO ingredients_ingredient VALUES(560,'картофельное пюре','г');
INSERT INTO ingredients_ingredient VALUES(561,'картофельные ньокки','г');
INSERT INTO ingredients_ingredient VALUES(562,'картофельные хлопья','г');
INSERT INTO ingredients_ingredient VALUES(563,'картофельные чипсы','г');
INSERT INTO ingredients_ingredient VALUES(564,'картофельный крахмал','г');
INSERT INTO ingredients_ingredient VALUES(565,'картофельный отвар','г');
INSERT INTO ingredients_ingredient VALUES(566,'картофельный хэш замороженный','г');
INSERT INTO ingredients_ingredient VALUES(567,'картофель печеный','г');
INSERT INTO ingredients_ingredient VALUES(568,'катык','г');
INSERT INTO ingredients_ingredient VALUES(569,'каффир-лайм листья','г');
INSERT INTO ingredients_ingredient VALUES(570,'каша','г');
INSERT INTO ingredients_ingredient VALUES(571,'каша для детского питания','г');
INSERT INTO ingredients_ingredient VALUES(572,'каштановая мука','г');
INSERT INTO ingredients_ingredient VALUES(573,'каштановый крем','г');
INSERT INTO ingredients_ingredient VALUES(574,'каштаны','г');
INSERT INTO ingredients_ingredient VALUES(575,'каштаны вареные','г');
INSERT INTO ingredients_ingredient VALUES(576,'каштаны консервированные','г');
INSERT INTO ingredients_ingredient VALUES(577,'каштаны очищенные','г');
INSERT INTO ingredients_ingredient VALUES(578,'квас','г');
INSERT INTO ingredients_ingredient VALUES(579,'квасное сусло','г');
INSERT INTO ingredients_ingredient VALUES(580,'квасной концентрат сухой','г');
INSERT INTO ingredients_ingredient VALUES(581,'квас хлебный','г');
INSERT INTO ingredients_ingredient VALUES(582,'кедровая мука','г');
INSERT INTO ingredients_ingredient VALUES(583,'кедровые орехи','г');
INSERT INTO ingredients_ingredient VALUES(584,'кедровые орехи жареные','г');
INSERT INTO ingredients_ingredient VALUES(585,'кета','г');
INSERT INTO ingredients_ingredient VALUES(586,'кетчуп острый','г');
INSERT INTO ingredients_ingredient VALUES(587,'кетчуп томатный','г');
INSERT INTO ingredients_ingredient VALUES(588,'кетчуп тосканский','г');
INSERT INTO ingredients_ingredient VALUES(589,'кетчуп шашлычный','г');
INSERT INTO ingredients_ingredient VALUES(590,'кефаль','г');
INSERT INTO ingredients_ingredient VALUES(591,'кефир','мл');
INSERT INTO ingredients_ingredient VALUES(592,'кефир 1%','мл');
INSERT INTO ingredients_ingredient VALUES(593,'кефир 2,5%','мл');
INSERT INTO ingredients_ingredient VALUES(594,'кефир 3,2%','мл');
INSERT INTO ingredients_ingredient VALUES(595,'кефир обезжиренный','мл');
INSERT INTO ingredients_ingredient VALUES(596,'кешью','г');
INSERT INTO ingredients_ingredient VALUES(597,'кивано','г');
INSERT INTO ingredients_ingredient VALUES(598,'киви','г');
INSERT INTO ingredients_ingredient VALUES(599,'киви желе','г');
INSERT INTO ingredients_ingredient VALUES(600,'кижуч','г');
INSERT INTO ingredients_ingredient VALUES(601,'кижуч горячего копчения филе','г');
INSERT INTO ingredients_ingredient VALUES(602,'кизил','г');
INSERT INTO ingredients_ingredient VALUES(603,'килька','г');
INSERT INTO ingredients_ingredient VALUES(604,'кимчи','г');
INSERT INTO ingredients_ingredient VALUES(605,'кинза свежая','г');
INSERT INTO ingredients_ingredient VALUES(606,'кинза сушеная','г');
INSERT INTO ingredients_ingredient VALUES(607,'киноа','г');
INSERT INTO ingredients_ingredient VALUES(608,'киноа молотая','г');
INSERT INTO ingredients_ingredient VALUES(609,'кипяток','мл');
INSERT INTO ingredients_ingredient VALUES(610,'кирш','г');
INSERT INTO ingredients_ingredient VALUES(611,'кисель','г');
INSERT INTO ingredients_ingredient VALUES(612,'кисель сухой','г');
INSERT INTO ingredients_ingredient VALUES(613,'кисломолочный напиток Тан','мл');
INSERT INTO ingredients_ingredient VALUES(614,'кишки','г');
INSERT INTO ingredients_ingredient VALUES(615,'клейковина','г');
INSERT INTO ingredients_ingredient VALUES(616,'клементины','г');
INSERT INTO ingredients_ingredient VALUES(617,'кленовый сироп','мл');
INSERT INTO ingredients_ingredient VALUES(618,'клубника','г');
INSERT INTO ingredients_ingredient VALUES(619,'клубника в сиропе','г');
INSERT INTO ingredients_ingredient VALUES(620,'клубника замороженная','г');
INSERT INTO ingredients_ingredient VALUES(621,'клубника, протертая с сахаром','г');
INSERT INTO ingredients_ingredient VALUES(622,'клубника сушеная','г');
INSERT INTO ingredients_ingredient VALUES(623,'клубничное варенье','г');
INSERT INTO ingredients_ingredient VALUES(624,'клубничное желе','г');
INSERT INTO ingredients_ingredient VALUES(625,'клубничное пюре','г');
INSERT INTO ingredients_ingredient VALUES(626,'клубничный джем','г');
INSERT INTO ingredients_ingredient VALUES(627,'клубничный джем густой','г');
INSERT INTO ingredients_ingredient VALUES(628,'клубничный компот','мл');
INSERT INTO ingredients_ingredient VALUES(629,'клубничный ликер','мл');
INSERT INTO ingredients_ingredient VALUES(630,'клубничный сироп','мл');
INSERT INTO ingredients_ingredient VALUES(631,'клюква','г');
INSERT INTO ingredients_ingredient VALUES(632,'клюква вяленая','г');
INSERT INTO ingredients_ingredient VALUES(633,'клюква замороженная','г');
INSERT INTO ingredients_ingredient VALUES(634,'клюква, протертая с сахаром','г');
INSERT INTO ingredients_ingredient VALUES(635,'клюквенное варенье','г');
INSERT INTO ingredients_ingredient VALUES(636,'клюквенный джем','г');
INSERT INTO ingredients_ingredient VALUES(637,'клюквенный морс','мл');
INSERT INTO ingredients_ingredient VALUES(638,'клюквенный сироп','мл');
INSERT INTO ingredients_ingredient VALUES(639,'клюквенный соус','г');
INSERT INTO ingredients_ingredient VALUES(640,'козлиная печень','г');
INSERT INTO ingredients_ingredient VALUES(641,'козлятина молодая','г');
INSERT INTO ingredients_ingredient VALUES(642,'кока-кола','мл');
INSERT INTO ingredients_ingredient VALUES(643,'кокосовая вода','мл');
INSERT INTO ingredients_ingredient VALUES(644,'кокосовая мука','г');
INSERT INTO ingredients_ingredient VALUES(645,'кокосовая стружка','г');
INSERT INTO ingredients_ingredient VALUES(646,'кокосовая стружка цветная','г');
INSERT INTO ingredients_ingredient VALUES(647,'кокосовое масло','мл');
INSERT INTO ingredients_ingredient VALUES(648,'кокосовое молоко','мл');
INSERT INTO ingredients_ingredient VALUES(649,'кокосовые сливки','мл');
INSERT INTO ingredients_ingredient VALUES(650,'кокосовый ликер','мл');
INSERT INTO ingredients_ingredient VALUES(651,'кокосовый экстракт','мл');
INSERT INTO ingredients_ingredient VALUES(652,'кокосы','г');
INSERT INTO ingredients_ingredient VALUES(653,'кола','мл');
INSERT INTO ingredients_ingredient VALUES(654,'колбаса','г');
INSERT INTO ingredients_ingredient VALUES(655,'колбаса вареная','г');
INSERT INTO ingredients_ingredient VALUES(656,'колбаса варено-копченая','г');
INSERT INTO ingredients_ingredient VALUES(657,'колбаса копченая','г');
INSERT INTO ingredients_ingredient VALUES(658,'колбаса кровяная','г');
INSERT INTO ingredients_ingredient VALUES(659,'колбаса полукопченая','г');
INSERT INTO ingredients_ingredient VALUES(660,'колбаса сырокопченая','г');
INSERT INTO ingredients_ingredient VALUES(661,'колбаска свиная свежая (salsiccia)','г');
INSERT INTO ingredients_ingredient VALUES(662,'колбаски','г');
INSERT INTO ingredients_ingredient VALUES(663,'колбаски для жарки','г');
INSERT INTO ingredients_ingredient VALUES(664,'колбаски домашние','г');
INSERT INTO ingredients_ingredient VALUES(665,'колбаски охотничьи','г');
INSERT INTO ingredients_ingredient VALUES(666,'колбаски сырокопченые','г');
INSERT INTO ingredients_ingredient VALUES(667,'компот','г');
INSERT INTO ingredients_ingredient VALUES(668,'конопляное масло','мл');
INSERT INTO ingredients_ingredient VALUES(669,'конопля семена','г');
INSERT INTO ingredients_ingredient VALUES(670,'конфеты','г');
INSERT INTO ingredients_ingredient VALUES(671,'конфеты M&M’s','г');
INSERT INTO ingredients_ingredient VALUES(672,'конфеты жевательные лакричные','г');
INSERT INTO ingredients_ingredient VALUES(673,'конфеты Коровка','г');
INSERT INTO ingredients_ingredient VALUES(674,'конфеты Трюфель','г');
INSERT INTO ingredients_ingredient VALUES(675,'конфитюр','г');
INSERT INTO ingredients_ingredient VALUES(676,'конфитюрка','г');
INSERT INTO ingredients_ingredient VALUES(677,'коньяк','мл');
INSERT INTO ingredients_ingredient VALUES(678,'копчености','г');
INSERT INTO ingredients_ingredient VALUES(679,'коренья','г');
INSERT INTO ingredients_ingredient VALUES(680,'кориандр','г');
INSERT INTO ingredients_ingredient VALUES(681,'кориандр зелень','г');
INSERT INTO ingredients_ingredient VALUES(682,'кориандр молотый','г');
INSERT INTO ingredients_ingredient VALUES(683,'кориандр семена','г');
INSERT INTO ingredients_ingredient VALUES(684,'коринка','г');
INSERT INTO ingredients_ingredient VALUES(685,'корица','г');
INSERT INTO ingredients_ingredient VALUES(686,'корица молотая','г');
INSERT INTO ingredients_ingredient VALUES(687,'корнишоны','г');
INSERT INTO ingredients_ingredient VALUES(688,'корнишоны маринованые','г');
INSERT INTO ingredients_ingredient VALUES(689,'корюшка','г');
INSERT INTO ingredients_ingredient VALUES(690,'корюшка горячего копчения','г');
INSERT INTO ingredients_ingredient VALUES(691,'кости','г');
INSERT INTO ingredients_ingredient VALUES(692,'кости мозговые','г');
INSERT INTO ingredients_ingredient VALUES(693,'кость сахарная','г');
INSERT INTO ingredients_ingredient VALUES(694,'кофе в зернах','г');
INSERT INTO ingredients_ingredient VALUES(695,'кофе зеленый','г');
INSERT INTO ingredients_ingredient VALUES(696,'кофейные зерна в шоколаде','г');
INSERT INTO ingredients_ingredient VALUES(697,'кофейный ликер','мл');
INSERT INTO ingredients_ingredient VALUES(698,'кофейный ликер Kahlua','мл');
INSERT INTO ingredients_ingredient VALUES(699,'кофейный напиток','мл');
INSERT INTO ingredients_ingredient VALUES(700,'кофейный сироп','мл');
INSERT INTO ingredients_ingredient VALUES(701,'кофейный экстракт','мл');
INSERT INTO ingredients_ingredient VALUES(702,'кофе молотый','г');
INSERT INTO ingredients_ingredient VALUES(703,'кофе растворимый','г');
INSERT INTO ingredients_ingredient VALUES(704,'кофе свежесваренный','мл');
INSERT INTO ingredients_ingredient VALUES(705,'кофе черный','мл');
INSERT INTO ingredients_ingredient VALUES(706,'кофе эспрессо','мл');
INSERT INTO ingredients_ingredient VALUES(707,'крабовое мясо','г');
INSERT INTO ingredients_ingredient VALUES(708,'крабовые палочки','г');
INSERT INTO ingredients_ingredient VALUES(709,'краб снежный','г');
INSERT INTO ingredients_ingredient VALUES(710,'крабы','г');
INSERT INTO ingredients_ingredient VALUES(711,'крапива','г');
INSERT INTO ingredients_ingredient VALUES(712,'краситель-гель пищевой','г');
INSERT INTO ingredients_ingredient VALUES(713,'краситель пищевой','г');
INSERT INTO ingredients_ingredient VALUES(714,'краситель пищевой вишневый','г');
INSERT INTO ingredients_ingredient VALUES(715,'краситель пищевой желтый','г');
INSERT INTO ingredients_ingredient VALUES(716,'краситель пищевой зеленый','г');
INSERT INTO ingredients_ingredient VALUES(717,'краситель пищевой красный','г');
INSERT INTO ingredients_ingredient VALUES(718,'краситель пищевой оранжевый','г');
INSERT INTO ingredients_ingredient VALUES(719,'краситель пищевой фиолетовый','г');
INSERT INTO ingredients_ingredient VALUES(720,'краситель пищевой черный','г');
INSERT INTO ingredients_ingredient VALUES(721,'красная смородина','г');
INSERT INTO ingredients_ingredient VALUES(722,'красная смородина, протертая с сахаром','г');
INSERT INTO ingredients_ingredient VALUES(723,'красноперка','г');
INSERT INTO ingredients_ingredient VALUES(724,'красносмородиновое варенье','г');
INSERT INTO ingredients_ingredient VALUES(725,'красный винный соус','г');
INSERT INTO ingredients_ingredient VALUES(726,'крахмал','г');
INSERT INTO ingredients_ingredient VALUES(727,'креветки','г');
INSERT INTO ingredients_ingredient VALUES(728,'креветки замороженные','г');
INSERT INTO ingredients_ingredient VALUES(729,'креветки королевские','г');
INSERT INTO ingredients_ingredient VALUES(730,'креветки очищенные','г');
INSERT INTO ingredients_ingredient VALUES(731,'креветки очищенные в рассоле','г');
INSERT INTO ingredients_ingredient VALUES(732,'креветки салатные','г');
INSERT INTO ingredients_ingredient VALUES(733,'креветки сушеные','г');
INSERT INTO ingredients_ingredient VALUES(734,'креветки тигровые','г');
INSERT INTO ingredients_ingredient VALUES(735,'крекер','г');
INSERT INTO ingredients_ingredient VALUES(736,'крекер соленый','г');
INSERT INTO ingredients_ingredient VALUES(737,'крем заварной','г');
INSERT INTO ingredients_ingredient VALUES(738,'крем заварной порошковый','г');
INSERT INTO ingredients_ingredient VALUES(739,'крем-фреш','г');
INSERT INTO ingredients_ingredient VALUES(740,'кресс-салат','г');
INSERT INTO ingredients_ingredient VALUES(741,'кровь','мл');
INSERT INTO ingredients_ingredient VALUES(742,'кролик','г');
INSERT INTO ingredients_ingredient VALUES(743,'кролик тушка','г');
INSERT INTO ingredients_ingredient VALUES(744,'кролик филе','г');
INSERT INTO ingredients_ingredient VALUES(745,'кроличья печень','г');
INSERT INTO ingredients_ingredient VALUES(746,'круассаны','шт.');
INSERT INTO ingredients_ingredient VALUES(747,'крутоны мелкие','г');
INSERT INTO ingredients_ingredient VALUES(748,'крыжовник','г');
INSERT INTO ingredients_ingredient VALUES(749,'крыжовниковое варенье','г');
INSERT INTO ingredients_ingredient VALUES(750,'кукуруза','г');
INSERT INTO ingredients_ingredient VALUES(751,'кукуруза замороженная','г');
INSERT INTO ingredients_ingredient VALUES(752,'кукуруза консервированная','г');
INSERT INTO ingredients_ingredient VALUES(753,'кукуруза обжаренная кикос','г');
INSERT INTO ingredients_ingredient VALUES(754,'кукурузная крупа','г');
INSERT INTO ingredients_ingredient VALUES(755,'кукурузная мука','г');
INSERT INTO ingredients_ingredient VALUES(756,'кукурузное масло','г');
INSERT INTO ingredients_ingredient VALUES(757,'кукурузные лепешки','шт.');
INSERT INTO ingredients_ingredient VALUES(758,'кукурузные палочки','г');
INSERT INTO ingredients_ingredient VALUES(759,'кукурузные хлопья','г');
INSERT INTO ingredients_ingredient VALUES(760,'кукурузные хлопья глазированные','г');
INSERT INTO ingredients_ingredient VALUES(761,'кукурузные чипсы','г');
INSERT INTO ingredients_ingredient VALUES(762,'кукурузный (золотой) сироп','мл');
INSERT INTO ingredients_ingredient VALUES(763,'кукурузный крахмал','г');
INSERT INTO ingredients_ingredient VALUES(764,'кумин','г');
INSERT INTO ingredients_ingredient VALUES(765,'кумкваты','г');
INSERT INTO ingredients_ingredient VALUES(766,'кунжут','г');
INSERT INTO ingredients_ingredient VALUES(767,'кунжутная мука','г');
INSERT INTO ingredients_ingredient VALUES(768,'кунжутная паста','г');
INSERT INTO ingredients_ingredient VALUES(769,'кунжутное масло','г');
INSERT INTO ingredients_ingredient VALUES(770,'кунжутные семечки','г');
INSERT INTO ingredients_ingredient VALUES(771,'кунжут черный','г');
INSERT INTO ingredients_ingredient VALUES(772,'купаты','шт.');
INSERT INTO ingredients_ingredient VALUES(773,'курага','г');
INSERT INTO ingredients_ingredient VALUES(774,'курдючное сало','г');
INSERT INTO ingredients_ingredient VALUES(775,'курдючный жир','г');
INSERT INTO ingredients_ingredient VALUES(776,'куриная ветчина','г');
INSERT INTO ingredients_ingredient VALUES(777,'куриная кожа','г');
INSERT INTO ingredients_ingredient VALUES(778,'куриная печень','г');
INSERT INTO ingredients_ingredient VALUES(779,'куриное карпаччо','г');
INSERT INTO ingredients_ingredient VALUES(780,'куриное филе','г');
INSERT INTO ingredients_ingredient VALUES(781,'куриные бедра','г');
INSERT INTO ingredients_ingredient VALUES(782,'куриные голени','г');
INSERT INTO ingredients_ingredient VALUES(783,'куриные голени копченые','шт.');
INSERT INTO ingredients_ingredient VALUES(784,'куриные грудки','г');
INSERT INTO ingredients_ingredient VALUES(785,'куриные грудки вареные','г');
INSERT INTO ingredients_ingredient VALUES(786,'куриные грудки копченые','г');
INSERT INTO ingredients_ingredient VALUES(787,'куриные желудочки','г');
INSERT INTO ingredients_ingredient VALUES(788,'куриные кости','г');
INSERT INTO ingredients_ingredient VALUES(789,'куриные крылья','г');
INSERT INTO ingredients_ingredient VALUES(790,'куриные окорочка','г');
INSERT INTO ingredients_ingredient VALUES(791,'куриные окорочка копченые','г');
INSERT INTO ingredients_ingredient VALUES(792,'куриные потрошки','г');
INSERT INTO ingredients_ingredient VALUES(793,'куриные сердечки','г');
INSERT INTO ingredients_ingredient VALUES(794,'куриный бульон','мл');
INSERT INTO ingredients_ingredient VALUES(795,'куриный паштет','г');
INSERT INTO ingredients_ingredient VALUES(796,'куриный суповой набор','г');
INSERT INTO ingredients_ingredient VALUES(797,'куриный фарш','г');
INSERT INTO ingredients_ingredient VALUES(798,'курица','г');
INSERT INTO ingredients_ingredient VALUES(799,'курица вареная','г');
INSERT INTO ingredients_ingredient VALUES(800,'курица для жарки','г');
INSERT INTO ingredients_ingredient VALUES(801,'курица копченая','г');
INSERT INTO ingredients_ingredient VALUES(802,'курица тушка','г');
INSERT INTO ingredients_ingredient VALUES(803,'куркума','г');
INSERT INTO ingredients_ingredient VALUES(804,'куропатки','г');
INSERT INTO ingredients_ingredient VALUES(805,'кускус','г');
INSERT INTO ingredients_ingredient VALUES(806,'кускус жемчужный','стакан');
INSERT INTO ingredients_ingredient VALUES(807,'кэроб','г');
INSERT INTO ingredients_ingredient VALUES(808,'лаванда','г');
INSERT INTO ingredients_ingredient VALUES(809,'лаванда сушеная','щепотка');
INSERT INTO ingredients_ingredient VALUES(810,'лавандовый краситель','ч. л.');
INSERT INTO ingredients_ingredient VALUES(811,'лаваш','г');
INSERT INTO ingredients_ingredient VALUES(812,'лаваш армянский','г');
INSERT INTO ingredients_ingredient VALUES(813,'лаваш персидский круглый','г');
INSERT INTO ingredients_ingredient VALUES(814,'лаваш тонкий','г');
INSERT INTO ingredients_ingredient VALUES(815,'лавровые листья свежие','шт.');
INSERT INTO ingredients_ingredient VALUES(816,'лавровый лист','г');
INSERT INTO ingredients_ingredient VALUES(817,'лайм','г');
INSERT INTO ingredients_ingredient VALUES(818,'лайм листья','шт.');
INSERT INTO ingredients_ingredient VALUES(819,'лаймовая цедра','г');
INSERT INTO ingredients_ingredient VALUES(820,'лаймовый сок','мл');
INSERT INTO ingredients_ingredient VALUES(821,'лангустины','шт.');
INSERT INTO ingredients_ingredient VALUES(822,'лапша','г');
INSERT INTO ingredients_ingredient VALUES(823,'лапша для лагмана','г');
INSERT INTO ingredients_ingredient VALUES(824,'лапша ширатаки','г');
INSERT INTO ingredients_ingredient VALUES(825,'лапша яичная в гнездах','г');
INSERT INTO ingredients_ingredient VALUES(826,'латук','г');
INSERT INTO ingredients_ingredient VALUES(827,'легкие','г');
INSERT INTO ingredients_ingredient VALUES(828,'лед','г');
INSERT INTO ingredients_ingredient VALUES(829,'леди-фиш тушка','г');
INSERT INTO ingredients_ingredient VALUES(830,'лемонграсс (лимонное сорго)','г');
INSERT INTO ingredients_ingredient VALUES(831,'лен семена','г');
INSERT INTO ingredients_ingredient VALUES(832,'лепешки','г');
INSERT INTO ingredients_ingredient VALUES(833,'лепешки арабские','шт.');
INSERT INTO ingredients_ingredient VALUES(834,'лесные орехи','г');
INSERT INTO ingredients_ingredient VALUES(835,'лечо','г');
INSERT INTO ingredients_ingredient VALUES(836,'ливер','г');
INSERT INTO ingredients_ingredient VALUES(837,'ликер','мл');
INSERT INTO ingredients_ingredient VALUES(838,'ликер Alchermes','мл');
INSERT INTO ingredients_ingredient VALUES(839,'ликер Amaretto','мл');
INSERT INTO ingredients_ingredient VALUES(840,'ликер Baileys','мл');
INSERT INTO ingredients_ingredient VALUES(841,'ликер Cointreau','мл');
INSERT INTO ingredients_ingredient VALUES(842,'ликер кремовый','мл');
INSERT INTO ingredients_ingredient VALUES(843,'ликер сливочный','мл');
INSERT INTO ingredients_ingredient VALUES(844,'лимонад','мл');
INSERT INTO ingredients_ingredient VALUES(845,'лимонная кислота','мл');
INSERT INTO ingredients_ingredient VALUES(846,'лимонная цедра','г');
INSERT INTO ingredients_ingredient VALUES(847,'лимонник стебель','г');
INSERT INTO ingredients_ingredient VALUES(848,'лимонник ягоды','г');
INSERT INTO ingredients_ingredient VALUES(849,'лимонные корочки засахаренные','г');
INSERT INTO ingredients_ingredient VALUES(850,'лимонные цукаты','г');
INSERT INTO ingredients_ingredient VALUES(851,'лимонный сок','мл');
INSERT INTO ingredients_ingredient VALUES(852,'лимонный уксус','мл');
INSERT INTO ingredients_ingredient VALUES(853,'лимонный экстракт','мл');
INSERT INTO ingredients_ingredient VALUES(854,'лимончелло','г');
INSERT INTO ingredients_ingredient VALUES(855,'лимоны','г');
INSERT INTO ingredients_ingredient VALUES(856,'лингвине','шт.');
INSERT INTO ingredients_ingredient VALUES(857,'лисички','г');
INSERT INTO ingredients_ingredient VALUES(858,'лисички сушеные','г');
INSERT INTO ingredients_ingredient VALUES(859,'личи','шт.');
INSERT INTO ingredients_ingredient VALUES(860,'личи компот','мл');
INSERT INTO ingredients_ingredient VALUES(861,'лобстер','г');
INSERT INTO ingredients_ingredient VALUES(862,'лонган','г');
INSERT INTO ingredients_ingredient VALUES(863,'лонгконг','шт.');
INSERT INTO ingredients_ingredient VALUES(864,'лососевые молоки','г');
INSERT INTO ingredients_ingredient VALUES(865,'лососевый фарш','г');
INSERT INTO ingredients_ingredient VALUES(866,'лосось','г');
INSERT INTO ingredients_ingredient VALUES(867,'лосось горячего копчения','г');
INSERT INTO ingredients_ingredient VALUES(868,'лосось копченый','г');
INSERT INTO ingredients_ingredient VALUES(869,'лосось свежесоленый','г');
INSERT INTO ingredients_ingredient VALUES(870,'лосось свежий','г');
INSERT INTO ingredients_ingredient VALUES(871,'лосось свежий филе','г');
INSERT INTO ingredients_ingredient VALUES(872,'лосось слабосоленый','г');
INSERT INTO ingredients_ingredient VALUES(873,'лосось стейки','г');
INSERT INTO ingredients_ingredient VALUES(874,'лосось филе','г');
INSERT INTO ingredients_ingredient VALUES(875,'лосось филе на коже','г');
INSERT INTO ingredients_ingredient VALUES(876,'лосось холодного копчения','г');
INSERT INTO ingredients_ingredient VALUES(877,'лосятина','г');
INSERT INTO ingredients_ingredient VALUES(878,'лук белый','г');
INSERT INTO ingredients_ingredient VALUES(879,'лук зеленый','г');
INSERT INTO ingredients_ingredient VALUES(880,'лук красный','г');
INSERT INTO ingredients_ingredient VALUES(881,'лук маринованный','г');
INSERT INTO ingredients_ingredient VALUES(882,'луковая шелуха','г');
INSERT INTO ingredients_ingredient VALUES(883,'луковый порошок','г');
INSERT INTO ingredients_ingredient VALUES(884,'лук-порей','горсть');
INSERT INTO ingredients_ingredient VALUES(885,'лук-резанец','г');
INSERT INTO ingredients_ingredient VALUES(886,'лук репчатый','г');
INSERT INTO ingredients_ingredient VALUES(887,'лук репчатый мелкий','г');
INSERT INTO ingredients_ingredient VALUES(888,'лук салатный','г');
INSERT INTO ingredients_ingredient VALUES(889,'лук сушеный','г');
INSERT INTO ingredients_ingredient VALUES(890,'лук-шалот','г');
INSERT INTO ingredients_ingredient VALUES(891,'лук-шалот красный','г');
INSERT INTO ingredients_ingredient VALUES(892,'льняная мука','г');
INSERT INTO ingredients_ingredient VALUES(893,'льняное масло','мл');
INSERT INTO ingredients_ingredient VALUES(894,'льняное семя','г');
INSERT INTO ingredients_ingredient VALUES(895,'льняное семя молотое','г');
INSERT INTO ingredients_ingredient VALUES(896,'любисток','г');
INSERT INTO ingredients_ingredient VALUES(897,'маасдам','г');
INSERT INTO ingredients_ingredient VALUES(898,'мадера','г');
INSERT INTO ingredients_ingredient VALUES(899,'майонез','г');
INSERT INTO ingredients_ingredient VALUES(900,'майонез домашний','г');
INSERT INTO ingredients_ingredient VALUES(901,'майонез легкий','г');
INSERT INTO ingredients_ingredient VALUES(902,'майонезный соус «Слобода» Постный','г');
INSERT INTO ingredients_ingredient VALUES(903,'майонез оливковый','г');
INSERT INTO ingredients_ingredient VALUES(904,'майонез «Слобода» Легкий','г');
INSERT INTO ingredients_ingredient VALUES(905,'майонез «Слобода» На перепелиных яйцах','г');
INSERT INTO ingredients_ingredient VALUES(906,'майонез «Слобода» Оливковый','г');
INSERT INTO ingredients_ingredient VALUES(907,'майонез «Слобода» Провансаль','г');
INSERT INTO ingredients_ingredient VALUES(908,'майонез «Слобода» С лимонным соком','г');
INSERT INTO ingredients_ingredient VALUES(909,'майонез «Слобода» Сметанный','г');
INSERT INTO ingredients_ingredient VALUES(910,'майоран','г');
INSERT INTO ingredients_ingredient VALUES(911,'майоран свежий','г');
INSERT INTO ingredients_ingredient VALUES(912,'майоран сушеный','г');
INSERT INTO ingredients_ingredient VALUES(913,'мак','г');
INSERT INTO ingredients_ingredient VALUES(914,'макаронные изделия','г');
INSERT INTO ingredients_ingredient VALUES(915,'макаронные изделия мелкие','г');
INSERT INTO ingredients_ingredient VALUES(916,'макароны','г');
INSERT INTO ingredients_ingredient VALUES(917,'макароны-бабочки (farfalle)','г');
INSERT INTO ingredients_ingredient VALUES(918,'макароны-бабочки (farfalle) мини','г');
INSERT INTO ingredients_ingredient VALUES(919,'макароны баветте','г');
INSERT INTO ingredients_ingredient VALUES(920,'макароны-бантики','г');
INSERT INTO ingredients_ingredient VALUES(921,'макароны букатини','г');
INSERT INTO ingredients_ingredient VALUES(922,'макароны джильи','г');
INSERT INTO ingredients_ingredient VALUES(923,'макароны диталони','г');
INSERT INTO ingredients_ingredient VALUES(924,'макароны-звездочки','г');
INSERT INTO ingredients_ingredient VALUES(925,'макароны орзо','г');
INSERT INTO ingredients_ingredient VALUES(926,'макароны-ракушки (conchiglie)','г');
INSERT INTO ingredients_ingredient VALUES(927,'макароны-ракушки (conchiglie rigate)','г');
INSERT INTO ingredients_ingredient VALUES(928,'макароны-ракушки крупные','г');
INSERT INTO ingredients_ingredient VALUES(929,'макароны рисони','г');
INSERT INTO ingredients_ingredient VALUES(930,'макароны-рожки (pipe rigate)','г');
INSERT INTO ingredients_ingredient VALUES(931,'макароны-спиральки (fusilli)','г');
INSERT INTO ingredients_ingredient VALUES(932,'макароны-ушки (orecchiette)','г');
INSERT INTO ingredients_ingredient VALUES(933,'маккерончини','г');
INSERT INTO ingredients_ingredient VALUES(934,'мак молотый','г');
INSERT INTO ingredients_ingredient VALUES(935,'маковая масса','г');
INSERT INTO ingredients_ingredient VALUES(936,'малина','г');
INSERT INTO ingredients_ingredient VALUES(937,'малина замороженная','г');
INSERT INTO ingredients_ingredient VALUES(938,'малина, протертая с сахаром','г');
INSERT INTO ingredients_ingredient VALUES(939,'малина сушеная','г');
INSERT INTO ingredients_ingredient VALUES(940,'малиновое варенье','г');
INSERT INTO ingredients_ingredient VALUES(941,'малиновое желе','г');
INSERT INTO ingredients_ingredient VALUES(942,'малиновое пюре','г');
INSERT INTO ingredients_ingredient VALUES(943,'малиновый джем','г');
INSERT INTO ingredients_ingredient VALUES(944,'малиновый крем','г');
INSERT INTO ingredients_ingredient VALUES(945,'малиновый сироп','мл');
INSERT INTO ingredients_ingredient VALUES(946,'малиновый соус','г');
INSERT INTO ingredients_ingredient VALUES(947,'малиновый уксус','мл');
INSERT INTO ingredients_ingredient VALUES(948,'малиновый чай','г');
INSERT INTO ingredients_ingredient VALUES(949,'манго','г');
INSERT INTO ingredients_ingredient VALUES(950,'манговый сироп','мл');
INSERT INTO ingredients_ingredient VALUES(951,'манго консервированное','г');
INSERT INTO ingredients_ingredient VALUES(952,'мангольд','г');
INSERT INTO ingredients_ingredient VALUES(953,'мангустин','г');
INSERT INTO ingredients_ingredient VALUES(954,'мандариновое пюре','г');
INSERT INTO ingredients_ingredient VALUES(955,'мандариновые цукаты','г');
INSERT INTO ingredients_ingredient VALUES(956,'мандариновый сок','мл');
INSERT INTO ingredients_ingredient VALUES(957,'мандарины','г');
INSERT INTO ingredients_ingredient VALUES(958,'мандарины в собственном соку','г');
INSERT INTO ingredients_ingredient VALUES(959,'манная крупа','г');
INSERT INTO ingredients_ingredient VALUES(960,'маракуйя','г');
INSERT INTO ingredients_ingredient VALUES(961,'маргарин','г');
INSERT INTO ingredients_ingredient VALUES(962,'маргарин сливочный','г');
INSERT INTO ingredients_ingredient VALUES(963,'мармелад','г');
INSERT INTO ingredients_ingredient VALUES(964,'мармелад бутербродный','г');
INSERT INTO ingredients_ingredient VALUES(965,'марсала','г');
INSERT INTO ingredients_ingredient VALUES(966,'мартини','мл');
INSERT INTO ingredients_ingredient VALUES(967,'мартини красный','мл');
INSERT INTO ingredients_ingredient VALUES(968,'марципан','г');
INSERT INTO ingredients_ingredient VALUES(969,'марципан зеленый','г');
INSERT INTO ingredients_ingredient VALUES(970,'марципан розовый','г');
INSERT INTO ingredients_ingredient VALUES(971,'маршмеллоу','г');
INSERT INTO ingredients_ingredient VALUES(972,'маршмеллоу крем','г');
INSERT INTO ingredients_ingredient VALUES(973,'маршмеллоу мини','г');
INSERT INTO ingredients_ingredient VALUES(974,'маскарпоне','г');
INSERT INTO ingredients_ingredient VALUES(975,'маслины','г');
INSERT INTO ingredients_ingredient VALUES(976,'маслины без косточек','г');
INSERT INTO ingredients_ingredient VALUES(977,'масло авокадо','мл');
INSERT INTO ingredients_ingredient VALUES(978,'масло виноградных косточек','мл');
INSERT INTO ingredients_ingredient VALUES(979,'масло грецкого ореха','мл');
INSERT INTO ingredients_ingredient VALUES(980,'масло для фритюра','мл');
INSERT INTO ingredients_ingredient VALUES(981,'масло кедрового ореха','мл');
INSERT INTO ingredients_ingredient VALUES(982,'маслята','г');
INSERT INTO ingredients_ingredient VALUES(983,'мастика','г');
INSERT INTO ingredients_ingredient VALUES(984,'мастика желатиновая','г');
INSERT INTO ingredients_ingredient VALUES(985,'мастика шоколадная','г');
INSERT INTO ingredients_ingredient VALUES(986,'матча','г');
INSERT INTO ingredients_ingredient VALUES(987,'мафальдине','г');
INSERT INTO ingredients_ingredient VALUES(988,'маца','г');
INSERT INTO ingredients_ingredient VALUES(989,'мацони','г');
INSERT INTO ingredients_ingredient VALUES(990,'маш','г');
INSERT INTO ingredients_ingredient VALUES(991,'мед','г');
INSERT INTO ingredients_ingredient VALUES(992,'мед акации','г');
INSERT INTO ingredients_ingredient VALUES(993,'мед гречишный','г');
INSERT INTO ingredients_ingredient VALUES(994,'мед жидкий','г');
INSERT INTO ingredients_ingredient VALUES(995,'мед лавандовый','г');
INSERT INTO ingredients_ingredient VALUES(996,'мелисса','г');
INSERT INTO ingredients_ingredient VALUES(997,'меренги','г');
INSERT INTO ingredients_ingredient VALUES(998,'мидии','г');
INSERT INTO ingredients_ingredient VALUES(999,'мидии в раковинах','г');
INSERT INTO ingredients_ingredient VALUES(1000,'мидии в раковинах крупные черные','г');
INSERT INTO ingredients_ingredient VALUES(1001,'мидии в раковинах мелкие зеленые','г');
INSERT INTO ingredients_ingredient VALUES(1002,'мидии замороженные','г');
INSERT INTO ingredients_ingredient VALUES(1003,'мидии копченые в масле','г');
INSERT INTO ingredients_ingredient VALUES(1004,'микрозелень','г');
INSERT INTO ingredients_ingredient VALUES(1005,'миндаль','г');
INSERT INTO ingredients_ingredient VALUES(1006,'миндаль жареный','г');
INSERT INTO ingredients_ingredient VALUES(1007,'миндаль измельченный','г');
INSERT INTO ingredients_ingredient VALUES(1008,'миндальная масса','г');
INSERT INTO ingredients_ingredient VALUES(1009,'миндальная мука','г');
INSERT INTO ingredients_ingredient VALUES(1010,'миндальная паста','г');
INSERT INTO ingredients_ingredient VALUES(1011,'миндальная эссенция','г');
INSERT INTO ingredients_ingredient VALUES(1012,'миндальное масло','г');
INSERT INTO ingredients_ingredient VALUES(1013,'миндальное молоко','мл');
INSERT INTO ingredients_ingredient VALUES(1014,'миндальное печенье','г');
INSERT INTO ingredients_ingredient VALUES(1015,'миндальное пралине','г');
INSERT INTO ingredients_ingredient VALUES(1016,'миндальные лепестки','г');
INSERT INTO ingredients_ingredient VALUES(1017,'миндальный ликер','мл');
INSERT INTO ingredients_ingredient VALUES(1018,'миндальный сироп','мл');
INSERT INTO ingredients_ingredient VALUES(1019,'миндальный экстракт','мл');
INSERT INTO ingredients_ingredient VALUES(1020,'миндаль очищенный','г');
INSERT INTO ingredients_ingredient VALUES(1021,'миндаль рубленый','г');
INSERT INTO ingredients_ingredient VALUES(1022,'мини-кукуруза','г');
INSERT INTO ingredients_ingredient VALUES(1023,'минога','г');
INSERT INTO ingredients_ingredient VALUES(1024,'минтай','г');
INSERT INTO ingredients_ingredient VALUES(1025,'минтай печень','г');
INSERT INTO ingredients_ingredient VALUES(1026,'минтай филе','г');
INSERT INTO ingredients_ingredient VALUES(1027,'мисо-паста','г');
INSERT INTO ingredients_ingredient VALUES(1028,'мисо-суп','мл');
INSERT INTO ingredients_ingredient VALUES(1029,'можжевельник ягоды','г');
INSERT INTO ingredients_ingredient VALUES(1030,'мойва','г');
INSERT INTO ingredients_ingredient VALUES(1031,'моллюски','г');
INSERT INTO ingredients_ingredient VALUES(1032,'молоко','мл');
INSERT INTO ingredients_ingredient VALUES(1033,'молоко 0,5%','мл');
INSERT INTO ingredients_ingredient VALUES(1034,'молоко 1,5%','мл');
INSERT INTO ingredients_ingredient VALUES(1035,'молоко 2,5%','мл');
INSERT INTO ingredients_ingredient VALUES(1036,'молоко 3,2%','мл');
INSERT INTO ingredients_ingredient VALUES(1037,'молоко 3,6%','мл');
INSERT INTO ingredients_ingredient VALUES(1038,'молоко 4%','мл');
INSERT INTO ingredients_ingredient VALUES(1039,'молоко 6%','мл');
INSERT INTO ingredients_ingredient VALUES(1040,'молоко козье','мл');
INSERT INTO ingredients_ingredient VALUES(1041,'молоко концентрированное','мл');
INSERT INTO ingredients_ingredient VALUES(1042,'молоко рисовое','мл');
INSERT INTO ingredients_ingredient VALUES(1043,'молоко сгущенное','г');
INSERT INTO ingredients_ingredient VALUES(1044,'молоко сгущенное вареное','г');
INSERT INTO ingredients_ingredient VALUES(1045,'молоко сгущенное с какао','г');
INSERT INTO ingredients_ingredient VALUES(1046,'молоко сухое','г');
INSERT INTO ingredients_ingredient VALUES(1047,'молоко сухое обезжиренное','г');
INSERT INTO ingredients_ingredient VALUES(1048,'молоко топленое','мл');
INSERT INTO ingredients_ingredient VALUES(1049,'молочная смесь','г');
INSERT INTO ingredients_ingredient VALUES(1050,'молочные продукты','г');
INSERT INTO ingredients_ingredient VALUES(1051,'морепродукты','г');
INSERT INTO ingredients_ingredient VALUES(1052,'морковное пюре','г');
INSERT INTO ingredients_ingredient VALUES(1053,'морковь','г');
INSERT INTO ingredients_ingredient VALUES(1054,'морковь вареная','г');
INSERT INTO ingredients_ingredient VALUES(1055,'морковь крупная','г');
INSERT INTO ingredients_ingredient VALUES(1056,'морковь молодая','г');
INSERT INTO ingredients_ingredient VALUES(1057,'морковь по-корейски','г');
INSERT INTO ingredients_ingredient VALUES(1058,'морковь тертая','г');
INSERT INTO ingredients_ingredient VALUES(1059,'мороженое','г');
INSERT INTO ingredients_ingredient VALUES(1060,'мороженое ванильное','г');
INSERT INTO ingredients_ingredient VALUES(1061,'мороженое клубничное','г');
INSERT INTO ingredients_ingredient VALUES(1062,'мороженое лимонное','г');
INSERT INTO ingredients_ingredient VALUES(1063,'мороженое малиновое','г');
INSERT INTO ingredients_ingredient VALUES(1064,'мороженое пломбир','г');
INSERT INTO ingredients_ingredient VALUES(1065,'мороженое шоколадное','г');
INSERT INTO ingredients_ingredient VALUES(1066,'морошка','г');
INSERT INTO ingredients_ingredient VALUES(1067,'морские гребешки','г');
INSERT INTO ingredients_ingredient VALUES(1068,'морской коктейль','г');
INSERT INTO ingredients_ingredient VALUES(1069,'морской коктейль в масле','г');
INSERT INTO ingredients_ingredient VALUES(1070,'морской коктейль замороженный','г');
INSERT INTO ingredients_ingredient VALUES(1071,'морской черт','г');
INSERT INTO ingredients_ingredient VALUES(1072,'морской язык','г');
INSERT INTO ingredients_ingredient VALUES(1073,'морской язык филе','г');
INSERT INTO ingredients_ingredient VALUES(1074,'мортаделла','г');
INSERT INTO ingredients_ingredient VALUES(1075,'моцарелла','г');
INSERT INTO ingredients_ingredient VALUES(1076,'моцарелла для запекания','г');
INSERT INTO ingredients_ingredient VALUES(1077,'моцарелла для пиццы','г');
INSERT INTO ingredients_ingredient VALUES(1078,'моцарелла мини','г');
INSERT INTO ingredients_ingredient VALUES(1079,'моцарелла с травами','г');
INSERT INTO ingredients_ingredient VALUES(1080,'моцарелла шарик большой','г');
INSERT INTO ingredients_ingredient VALUES(1081,'мука','г');
INSERT INTO ingredients_ingredient VALUES(1082,'мука 1 сорт','г');
INSERT INTO ingredients_ingredient VALUES(1083,'мука 2 сорт','г');
INSERT INTO ingredients_ingredient VALUES(1084,'мука «Аладушкин»','г');
INSERT INTO ingredients_ingredient VALUES(1085,'мука грубого помола','г');
INSERT INTO ingredients_ingredient VALUES(1086,'мука для темпуры','г');
INSERT INTO ingredients_ingredient VALUES(1087,'мука из пророщенной пшеницы','г');
INSERT INTO ingredients_ingredient VALUES(1088,'мука манитоба','г');
INSERT INTO ingredients_ingredient VALUES(1089,'мука самоподнимающаяся','г');
INSERT INTO ingredients_ingredient VALUES(1090,'мука с отрубями','г');
INSERT INTO ingredients_ingredient VALUES(1091,'мука с семечками','г');
INSERT INTO ingredients_ingredient VALUES(1092,'мука хлебопекарная','г');
INSERT INTO ingredients_ingredient VALUES(1093,'мука цельнозерновая','г');
INSERT INTO ingredients_ingredient VALUES(1094,'мускат белый','мл');
INSERT INTO ingredients_ingredient VALUES(1095,'мускатное вино','мл');
INSERT INTO ingredients_ingredient VALUES(1096,'мускатный орех','г');
INSERT INTO ingredients_ingredient VALUES(1097,'мускатный орех молотый','г');
INSERT INTO ingredients_ingredient VALUES(1098,'мюсли','г');
INSERT INTO ingredients_ingredient VALUES(1099,'мягкий творог','г');
INSERT INTO ingredients_ingredient VALUES(1100,'мясной бульон','мл');
INSERT INTO ingredients_ingredient VALUES(1101,'мясной фарш','г');
INSERT INTO ingredients_ingredient VALUES(1102,'мясо','г');
INSERT INTO ingredients_ingredient VALUES(1103,'мясо дикого кабана','г');
INSERT INTO ingredients_ingredient VALUES(1104,'мясо криля','г');
INSERT INTO ingredients_ingredient VALUES(1105,'мясо на косточке','г');
INSERT INTO ingredients_ingredient VALUES(1106,'мята','г');
INSERT INTO ingredients_ingredient VALUES(1107,'мята сушеная','г');
INSERT INTO ingredients_ingredient VALUES(1108,'мятный сироп','мл');
INSERT INTO ingredients_ingredient VALUES(1109,'мятный шнапс','мл');
INSERT INTO ingredients_ingredient VALUES(1110,'нардек','г');
INSERT INTO ingredients_ingredient VALUES(1111,'нектарины','г');
INSERT INTO ingredients_ingredient VALUES(1112,'нога ягненка без кости','г');
INSERT INTO ingredients_ingredient VALUES(1113,'нори','г');
INSERT INTO ingredients_ingredient VALUES(1114,'нуга','г');
INSERT INTO ingredients_ingredient VALUES(1115,'нуга с орехами','г');
INSERT INTO ingredients_ingredient VALUES(1116,'нут','г');
INSERT INTO ingredients_ingredient VALUES(1117,'нутелла','г');
INSERT INTO ingredients_ingredient VALUES(1118,'нут консервированный','г');
INSERT INTO ingredients_ingredient VALUES(1119,'нутовая мука','г');
INSERT INTO ingredients_ingredient VALUES(1120,'облепиха','г');
INSERT INTO ingredients_ingredient VALUES(1121,'облепиха замороженная','г');
INSERT INTO ingredients_ingredient VALUES(1122,'облепиховый сироп','мл');
INSERT INTO ingredients_ingredient VALUES(1123,'овощи','г');
INSERT INTO ingredients_ingredient VALUES(1124,'овощная смесь','г');
INSERT INTO ingredients_ingredient VALUES(1125,'овощная смесь замороженная','г');
INSERT INTO ingredients_ingredient VALUES(1126,'овощная смесь замороженная для wok','г');
INSERT INTO ingredients_ingredient VALUES(1127,'овощная смесь по-китайски','г');
INSERT INTO ingredients_ingredient VALUES(1128,'овощной бульон','мл');
INSERT INTO ingredients_ingredient VALUES(1129,'овсяная мука','г');
INSERT INTO ingredients_ingredient VALUES(1130,'овсяное молоко','мл');
INSERT INTO ingredients_ingredient VALUES(1131,'овсяное печенье','г');
INSERT INTO ingredients_ingredient VALUES(1132,'овсяное толокно','г');
INSERT INTO ingredients_ingredient VALUES(1133,'овсяные зерна','г');
INSERT INTO ingredients_ingredient VALUES(1134,'овсяные отруби','г');
INSERT INTO ingredients_ingredient VALUES(1135,'овсяные хлопья','г');
INSERT INTO ingredients_ingredient VALUES(1136,'овсяные хлопья быстрого приготовления','г');
INSERT INTO ingredients_ingredient VALUES(1137,'огуречный рассол','мл');
INSERT INTO ingredients_ingredient VALUES(1138,'огурцы','г');
INSERT INTO ingredients_ingredient VALUES(1139,'огурцы консервированные','г');
INSERT INTO ingredients_ingredient VALUES(1140,'огурцы малосольные','г');
INSERT INTO ingredients_ingredient VALUES(1141,'огурцы маринованные','г');
INSERT INTO ingredients_ingredient VALUES(1142,'огурцы свежие','г');
INSERT INTO ingredients_ingredient VALUES(1143,'огурцы соленые','г');
INSERT INTO ingredients_ingredient VALUES(1144,'одуванчики','г');
INSERT INTO ingredients_ingredient VALUES(1145,'окорок','г');
INSERT INTO ingredients_ingredient VALUES(1146,'окорок варено-копченый','г');
INSERT INTO ingredients_ingredient VALUES(1147,'окунь','г');
INSERT INTO ingredients_ingredient VALUES(1148,'окунь красный филе','г');
INSERT INTO ingredients_ingredient VALUES(1149,'окунь морской','г');
INSERT INTO ingredients_ingredient VALUES(1150,'окунь морской филе','г');
INSERT INTO ingredients_ingredient VALUES(1151,'окунь филе','г');
INSERT INTO ingredients_ingredient VALUES(1152,'оленина','г');
INSERT INTO ingredients_ingredient VALUES(1153,'оливки','г');
INSERT INTO ingredients_ingredient VALUES(1154,'оливки без косточек','г');
INSERT INTO ingredients_ingredient VALUES(1155,'оливки зеленые','г');
INSERT INTO ingredients_ingredient VALUES(1156,'оливки зеленые консервированные','банка');
INSERT INTO ingredients_ingredient VALUES(1157,'оливки каламата','г');
INSERT INTO ingredients_ingredient VALUES(1158,'оливки консервированные','г');
INSERT INTO ingredients_ingredient VALUES(1159,'оливки, фаршированные анчоусами','г');
INSERT INTO ingredients_ingredient VALUES(1160,'оливки черные','г');
INSERT INTO ingredients_ingredient VALUES(1161,'оливковая паста','г');
INSERT INTO ingredients_ingredient VALUES(1162,'оливковое масло','г');
INSERT INTO ingredients_ingredient VALUES(1163,'оливковое масло Extra Virgin','г');
INSERT INTO ingredients_ingredient VALUES(1164,'опунция плоды','г');
INSERT INTO ingredients_ingredient VALUES(1165,'опята','г');
INSERT INTO ingredients_ingredient VALUES(1166,'опята замороженные','г');
INSERT INTO ingredients_ingredient VALUES(1167,'опята маринованные','г');
INSERT INTO ingredients_ingredient VALUES(1168,'орегано','г');
INSERT INTO ingredients_ingredient VALUES(1169,'орегано свежий','г');
INSERT INTO ingredients_ingredient VALUES(1170,'орегано сушеный','г');
INSERT INTO ingredients_ingredient VALUES(1171,'орехи','г');
INSERT INTO ingredients_ingredient VALUES(1172,'орехи бразильские','г');
INSERT INTO ingredients_ingredient VALUES(1173,'орехи макадамия','г');
INSERT INTO ingredients_ingredient VALUES(1174,'орехи пекан','г');
INSERT INTO ingredients_ingredient VALUES(1175,'орехи пинии','г');
INSERT INTO ingredients_ingredient VALUES(1176,'ореховая крошка','г');
INSERT INTO ingredients_ingredient VALUES(1177,'ореховая паста','г');
INSERT INTO ingredients_ingredient VALUES(1178,'ореховое масло','мл');
INSERT INTO ingredients_ingredient VALUES(1179,'ореховый ликер','мл');
INSERT INTO ingredients_ingredient VALUES(1180,'ореховый соус','г');
INSERT INTO ingredients_ingredient VALUES(1181,'осетр','г');
INSERT INTO ingredients_ingredient VALUES(1182,'осетрина холодного копчения','г');
INSERT INTO ingredients_ingredient VALUES(1183,'осьминог','г');
INSERT INTO ingredients_ingredient VALUES(1184,'осьминоги консервированные','г');
INSERT INTO ingredients_ingredient VALUES(1185,'осьминоги мини','г');
INSERT INTO ingredients_ingredient VALUES(1186,'отруби','г');
INSERT INTO ingredients_ingredient VALUES(1187,'ошеек','г');
INSERT INTO ingredients_ingredient VALUES(1188,'пагр','г');
INSERT INTO ingredients_ingredient VALUES(1189,'пажитник','г');
INSERT INTO ingredients_ingredient VALUES(1190,'пажитник семена','г');
INSERT INTO ingredients_ingredient VALUES(1191,'палтус','г');
INSERT INTO ingredients_ingredient VALUES(1192,'пальмовое масло','мл');
INSERT INTO ingredients_ingredient VALUES(1193,'пангасиус','г');
INSERT INTO ingredients_ingredient VALUES(1194,'панеттоне','г');
INSERT INTO ingredients_ingredient VALUES(1195,'Панифарин','г');
INSERT INTO ingredients_ingredient VALUES(1196,'панчетта','г');
INSERT INTO ingredients_ingredient VALUES(1197,'папайя','г');
INSERT INTO ingredients_ingredient VALUES(1198,'папайя консервированная в собственном соку','г');
INSERT INTO ingredients_ingredient VALUES(1199,'папоротник','г');
INSERT INTO ingredients_ingredient VALUES(1200,'папоротник соленый','г');
INSERT INTO ingredients_ingredient VALUES(1201,'паппарделле','г');
INSERT INTO ingredients_ingredient VALUES(1202,'паприка','г');
INSERT INTO ingredients_ingredient VALUES(1203,'паприка копченая','г');
INSERT INTO ingredients_ingredient VALUES(1204,'паприка красная','г');
INSERT INTO ingredients_ingredient VALUES(1205,'паприка красная молотая','г');
INSERT INTO ingredients_ingredient VALUES(1206,'паприка острая копченая','г');
INSERT INTO ingredients_ingredient VALUES(1207,'паприка сладкая','г');
INSERT INTO ingredients_ingredient VALUES(1208,'паприка сладкая копченая','г');
INSERT INTO ingredients_ingredient VALUES(1209,'паприка сладкая хлопьями','г');
INSERT INTO ingredients_ingredient VALUES(1210,'пармезан','г');
INSERT INTO ingredients_ingredient VALUES(1211,'паста','г');
INSERT INTO ingredients_ingredient VALUES(1212,'паста веджимайт','г');
INSERT INTO ingredients_ingredient VALUES(1213,'паста тахини','г');
INSERT INTO ingredients_ingredient VALUES(1214,'паста хариса','г');
INSERT INTO ingredients_ingredient VALUES(1215,'пастернак','г');
INSERT INTO ingredients_ingredient VALUES(1216,'пастила','г');
INSERT INTO ingredients_ingredient VALUES(1217,'пастила виноградная','г');
INSERT INTO ingredients_ingredient VALUES(1218,'патиссоны','г');
INSERT INTO ingredients_ingredient VALUES(1219,'патока','г');
INSERT INTO ingredients_ingredient VALUES(1220,'патока крахмальная','г');
INSERT INTO ingredients_ingredient VALUES(1221,'патока черная (меласса)','г');
INSERT INTO ingredients_ingredient VALUES(1222,'пахта','г');
INSERT INTO ingredients_ingredient VALUES(1223,'паштет','г');
INSERT INTO ingredients_ingredient VALUES(1224,'пекарский порошок','г');
INSERT INTO ingredients_ingredient VALUES(1225,'пекорино','г');
INSERT INTO ingredients_ingredient VALUES(1226,'пектин','г');
INSERT INTO ingredients_ingredient VALUES(1227,'пеленгас','г');
INSERT INTO ingredients_ingredient VALUES(1228,'пельмени','г');
INSERT INTO ingredients_ingredient VALUES(1229,'пенне','г');
INSERT INTO ingredients_ingredient VALUES(1230,'пенне ригате','г');
INSERT INTO ingredients_ingredient VALUES(1231,'пеперончино','г');
INSERT INTO ingredients_ingredient VALUES(1232,'пеперончино молотый','г');
INSERT INTO ingredients_ingredient VALUES(1233,'переводной лист для шоколада','шт.');
INSERT INTO ingredients_ingredient VALUES(1234,'перепелки','г');
INSERT INTO ingredients_ingredient VALUES(1235,'перец','г');
INSERT INTO ingredients_ingredient VALUES(1236,'перец белый','г');
INSERT INTO ingredients_ingredient VALUES(1237,'перец белый горошком','г');
INSERT INTO ingredients_ingredient VALUES(1238,'перец белый молотый','г');
INSERT INTO ingredients_ingredient VALUES(1239,'перец белый свежемолотый','ч. л.');
INSERT INTO ingredients_ingredient VALUES(1240,'перец болгарский','г');
INSERT INTO ingredients_ingredient VALUES(1241,'перец болгарский желтый','г');
INSERT INTO ingredients_ingredient VALUES(1242,'перец болгарский зеленый','г');
INSERT INTO ingredients_ingredient VALUES(1243,'перец болгарский красный','г');
INSERT INTO ingredients_ingredient VALUES(1244,'перец горошком','г');
INSERT INTO ingredients_ingredient VALUES(1245,'перец горошком смесь','г');
INSERT INTO ingredients_ingredient VALUES(1246,'перец душистый','г');
INSERT INTO ingredients_ingredient VALUES(1247,'перец душистый горошком','г');
INSERT INTO ingredients_ingredient VALUES(1248,'перец душистый молотый','г');
INSERT INTO ingredients_ingredient VALUES(1249,'перец испанский острый','г');
INSERT INTO ingredients_ingredient VALUES(1250,'перец кайенский','г');
INSERT INTO ingredients_ingredient VALUES(1251,'перец кайенский красный','г');
INSERT INTO ingredients_ingredient VALUES(1252,'перец кайенский молотый','г');
INSERT INTO ingredients_ingredient VALUES(1253,'перец красный','г');
INSERT INTO ingredients_ingredient VALUES(1254,'перец красный горошком','г');
INSERT INTO ingredients_ingredient VALUES(1255,'перец красный жгучий','г');
INSERT INTO ingredients_ingredient VALUES(1256,'перец красный молотый','г');
INSERT INTO ingredients_ingredient VALUES(1257,'перец красный острый','г');
INSERT INTO ingredients_ingredient VALUES(1258,'перец красный острый молотый','г');
INSERT INTO ingredients_ingredient VALUES(1259,'перец красный хлопьями','г');
INSERT INTO ingredients_ingredient VALUES(1260,'перец лимонный','г');
INSERT INTO ingredients_ingredient VALUES(1261,'перец маринованный','г');
INSERT INTO ingredients_ingredient VALUES(1262,'перец острый','г');
INSERT INTO ingredients_ingredient VALUES(1263,'перец острый зеленый','г');
INSERT INTO ingredients_ingredient VALUES(1264,'перец острый молотый','г');
INSERT INTO ingredients_ingredient VALUES(1265,'перец падрон','г');
INSERT INTO ingredients_ingredient VALUES(1266,'перец пеперони','г');
INSERT INTO ingredients_ingredient VALUES(1267,'перец пеперони красный','г');
INSERT INTO ingredients_ingredient VALUES(1268,'перец розовый горошком','г');
INSERT INTO ingredients_ingredient VALUES(1269,'перец свежемолотый смесь','г');
INSERT INTO ingredients_ingredient VALUES(1270,'перец сенегальский','г');
INSERT INTO ingredients_ingredient VALUES(1271,'перец сладкий','г');
INSERT INTO ingredients_ingredient VALUES(1272,'перец сладкий желтый','г');
INSERT INTO ingredients_ingredient VALUES(1273,'перец сладкий зеленый','г');
INSERT INTO ingredients_ingredient VALUES(1274,'перец сладкий красный','г');
INSERT INTO ingredients_ingredient VALUES(1275,'перец сладкий красный маринованный','г');
INSERT INTO ingredients_ingredient VALUES(1276,'перец сладкий красный молотый','г');
INSERT INTO ingredients_ingredient VALUES(1277,'перец сладкий оранжевый','г');
INSERT INTO ingredients_ingredient VALUES(1278,'перец сладкий сушеный','г');
INSERT INTO ingredients_ingredient VALUES(1279,'перец сычуаньский','г');
INSERT INTO ingredients_ingredient VALUES(1280,'перец халапеньо','г');
INSERT INTO ingredients_ingredient VALUES(1281,'перец халапеньо маринованный','г');
INSERT INTO ingredients_ingredient VALUES(1282,'перец черный','г');
INSERT INTO ingredients_ingredient VALUES(1283,'перец черный горошком','г');
INSERT INTO ingredients_ingredient VALUES(1284,'перец черный молотый','г');
INSERT INTO ingredients_ingredient VALUES(1285,'перец черный свежемолотый','г');
INSERT INTO ingredients_ingredient VALUES(1286,'перец чили','г');
INSERT INTO ingredients_ingredient VALUES(1287,'перец чили зеленый','г');
INSERT INTO ingredients_ingredient VALUES(1288,'перец чили красный','г');
INSERT INTO ingredients_ingredient VALUES(1289,'перец чили маринованный','г');
INSERT INTO ingredients_ingredient VALUES(1290,'перец чили молотый','г');
INSERT INTO ingredients_ingredient VALUES(1291,'перец чили сухой','г');
INSERT INTO ingredients_ingredient VALUES(1292,'перец чили хлопьями','г');
INSERT INTO ingredients_ingredient VALUES(1293,'перец ямайский','г');
INSERT INTO ingredients_ingredient VALUES(1294,'перловая крупа','г');
INSERT INTO ingredients_ingredient VALUES(1295,'перловая мука','г');
INSERT INTO ingredients_ingredient VALUES(1296,'персики','г');
INSERT INTO ingredients_ingredient VALUES(1297,'персики консервированные','г');
INSERT INTO ingredients_ingredient VALUES(1298,'персики сушеные','горсть');
INSERT INTO ingredients_ingredient VALUES(1299,'персиковое пюре','г');
INSERT INTO ingredients_ingredient VALUES(1300,'персиковый джем','г');
INSERT INTO ingredients_ingredient VALUES(1301,'персиковый мармелад','г');
INSERT INTO ingredients_ingredient VALUES(1302,'персиковый сироп','мл');
INSERT INTO ingredients_ingredient VALUES(1303,'персиковый сок','мл');
INSERT INTO ingredients_ingredient VALUES(1304,'перцовая паста','г');
INSERT INTO ingredients_ingredient VALUES(1305,'петрушка','г');
INSERT INTO ingredients_ingredient VALUES(1306,'петрушка зелень','г');
INSERT INTO ingredients_ingredient VALUES(1307,'петрушка итальянская','г');
INSERT INTO ingredients_ingredient VALUES(1308,'петрушка корень','г');
INSERT INTO ingredients_ingredient VALUES(1309,'петрушка рубленая','г');
INSERT INTO ingredients_ingredient VALUES(1310,'петрушка сушеная','г');
INSERT INTO ingredients_ingredient VALUES(1311,'печень','г');
INSERT INTO ingredients_ingredient VALUES(1312,'печенье','г');
INSERT INTO ingredients_ingredient VALUES(1313,'печенье Oreo','г');
INSERT INTO ingredients_ingredient VALUES(1314,'печенье Амаретти','г');
INSERT INTO ingredients_ingredient VALUES(1315,'печенье бисквитное','г');
INSERT INTO ingredients_ingredient VALUES(1316,'печенье галетное','шт.');
INSERT INTO ingredients_ingredient VALUES(1317,'печенье «Дамские пальчики»','г');
INSERT INTO ingredients_ingredient VALUES(1318,'печенье песочное','г');
INSERT INTO ingredients_ingredient VALUES(1319,'печенье рассыпчатое','г');
INSERT INTO ingredients_ingredient VALUES(1320,'печенье Савоярди','г');
INSERT INTO ingredients_ingredient VALUES(1321,'печенье сахарное','г');
INSERT INTO ingredients_ingredient VALUES(1322,'печенье сладкое','г');
INSERT INTO ingredients_ingredient VALUES(1323,'печенье сухое','г');
INSERT INTO ingredients_ingredient VALUES(1324,'печенье шоколадное','г');
INSERT INTO ingredients_ingredient VALUES(1325,'печенье Юбилейное молочное','г');
INSERT INTO ingredients_ingredient VALUES(1326,'пиво','мл');
INSERT INTO ingredients_ingredient VALUES(1327,'пиво имбирное','мл');
INSERT INTO ingredients_ingredient VALUES(1328,'пиво нефильтрованное','мл');
INSERT INTO ingredients_ingredient VALUES(1329,'пиво светлое','мл');
INSERT INTO ingredients_ingredient VALUES(1330,'пиво темное','мл');
INSERT INTO ingredients_ingredient VALUES(1331,'пикша','шт.');
INSERT INTO ingredients_ingredient VALUES(1332,'питы','г');
INSERT INTO ingredients_ingredient VALUES(1333,'повидло','г');
INSERT INTO ingredients_ingredient VALUES(1334,'подсолнечное масло','мл');
INSERT INTO ingredients_ingredient VALUES(1335,'подсолнечные семечки','г');
INSERT INTO ingredients_ingredient VALUES(1336,'полба','г');
INSERT INTO ingredients_ingredient VALUES(1337,'полба недозрелая','г');
INSERT INTO ingredients_ingredient VALUES(1338,'полента','г');
INSERT INTO ingredients_ingredient VALUES(1339,'полента быстрого приготовления','г');
INSERT INTO ingredients_ingredient VALUES(1340,'помело','г');
INSERT INTO ingredients_ingredient VALUES(1341,'помидоры','г');
INSERT INTO ingredients_ingredient VALUES(1342,'помидоры бурые','г');
INSERT INTO ingredients_ingredient VALUES(1343,'помидоры вяленые','мл');
INSERT INTO ingredients_ingredient VALUES(1344,'помидоры вяленые в масле','г');
INSERT INTO ingredients_ingredient VALUES(1345,'помидоры желтые','г');
INSERT INTO ingredients_ingredient VALUES(1346,'помидоры зеленые','г');
INSERT INTO ingredients_ingredient VALUES(1347,'помидоры консервированные','г');
INSERT INTO ingredients_ingredient VALUES(1348,'помидоры консервированные в собственном соку','г');
INSERT INTO ingredients_ingredient VALUES(1349,'помидоры консервированные в собственном соку с базиликом','г');
INSERT INTO ingredients_ingredient VALUES(1350,'помидоры протертые пассата','г');
INSERT INTO ingredients_ingredient VALUES(1351,'помидоры соленые','г');
INSERT INTO ingredients_ingredient VALUES(1352,'помидоры сушеные хлопьями','г');
INSERT INTO ingredients_ingredient VALUES(1353,'помидоры черри','г');
INSERT INTO ingredients_ingredient VALUES(1354,'помидоры черри желтые','г');
INSERT INTO ingredients_ingredient VALUES(1355,'попкорн','г');
INSERT INTO ingredients_ingredient VALUES(1356,'поросенок','г');
INSERT INTO ingredients_ingredient VALUES(1357,'портвейн','мл');
INSERT INTO ingredients_ingredient VALUES(1358,'портобелло','г');
INSERT INTO ingredients_ingredient VALUES(1359,'портулак','г');
INSERT INTO ingredients_ingredient VALUES(1360,'посыпка кондитерская','г');
INSERT INTO ingredients_ingredient VALUES(1361,'почки','г');
INSERT INTO ingredients_ingredient VALUES(1362,'приправа 4 перца','г');
INSERT INTO ingredients_ingredient VALUES(1363,'приправа 5 специй (five spice)','ч. л.');
INSERT INTO ingredients_ingredient VALUES(1364,'приправа для баранины','ст. л.');
INSERT INTO ingredients_ingredient VALUES(1365,'приправа для картофеля','г');
INSERT INTO ingredients_ingredient VALUES(1366,'приправа для курицы','г');
INSERT INTO ingredients_ingredient VALUES(1367,'приправа для макарон','г');
INSERT INTO ingredients_ingredient VALUES(1368,'приправа для маринования свинины','г');
INSERT INTO ingredients_ingredient VALUES(1369,'приправа для морепродуктов','г');
INSERT INTO ingredients_ingredient VALUES(1370,'приправа для мяса','г');
INSERT INTO ingredients_ingredient VALUES(1371,'приправа для паэльи','г');
INSERT INTO ingredients_ingredient VALUES(1372,'приправа для пиццы','г');
INSERT INTO ingredients_ingredient VALUES(1373,'приправа для плова','г');
INSERT INTO ingredients_ingredient VALUES(1374,'приправа для птицы','г');
INSERT INTO ingredients_ingredient VALUES(1375,'приправа для рыбы','г');
INSERT INTO ingredients_ingredient VALUES(1376,'приправа для салатов','г');
INSERT INTO ingredients_ingredient VALUES(1377,'приправа заатар','г');
INSERT INTO ingredients_ingredient VALUES(1378,'приправа креольская','г');
INSERT INTO ingredients_ingredient VALUES(1379,'приправа с сушеными грибами','г');
INSERT INTO ingredients_ingredient VALUES(1380,'приправы','г');
INSERT INTO ingredients_ingredient VALUES(1381,'прованские травы','г');
INSERT INTO ingredients_ingredient VALUES(1382,'проволоне','г');
INSERT INTO ingredients_ingredient VALUES(1383,'просекко','мл');
INSERT INTO ingredients_ingredient VALUES(1384,'простокваша','мл');
INSERT INTO ingredients_ingredient VALUES(1385,'протеин сывороточный','г');
INSERT INTO ingredients_ingredient VALUES(1386,'прошутто','г');
INSERT INTO ingredients_ingredient VALUES(1387,'пряники','г');
INSERT INTO ingredients_ingredient VALUES(1388,'пряничные специи','г');
INSERT INTO ingredients_ingredient VALUES(1389,'пряности','г');
INSERT INTO ingredients_ingredient VALUES(1390,'псиллиум','г');
INSERT INTO ingredients_ingredient VALUES(1391,'птитим','г');
INSERT INTO ingredients_ingredient VALUES(1392,'пудинг','г');
INSERT INTO ingredients_ingredient VALUES(1393,'пудинг ванильный','г');
INSERT INTO ingredients_ingredient VALUES(1394,'пудинг ванильный инстант','г');
INSERT INTO ingredients_ingredient VALUES(1395,'пудинг карамельный','г');
INSERT INTO ingredients_ingredient VALUES(1396,'пшеница','г');
INSERT INTO ingredients_ingredient VALUES(1397,'пшеничная крупа','г');
INSERT INTO ingredients_ingredient VALUES(1398,'пшеничная мука','г');
INSERT INTO ingredients_ingredient VALUES(1399,'пшеничная мука цельнозерновая','г');
INSERT INTO ingredients_ingredient VALUES(1400,'пшеничные зародыши','г');
INSERT INTO ingredients_ingredient VALUES(1401,'пшеничные отруби','г');
INSERT INTO ingredients_ingredient VALUES(1402,'пшеничные ростки','г');
INSERT INTO ingredients_ingredient VALUES(1403,'пшеничные хлопья','г');
INSERT INTO ingredients_ingredient VALUES(1404,'пшенные хлопья','г');
INSERT INTO ingredients_ingredient VALUES(1405,'пшено','г');
INSERT INTO ingredients_ingredient VALUES(1406,'пыльца цветочная','г');
INSERT INTO ingredients_ingredient VALUES(1407,'пюре','г');
INSERT INTO ingredients_ingredient VALUES(1408,'радиккио','шт.');
INSERT INTO ingredients_ingredient VALUES(1409,'разрыхлитель','г');
INSERT INTO ingredients_ingredient VALUES(1410,'раки','г');
INSERT INTO ingredients_ingredient VALUES(1411,'раковые шейки','г');
INSERT INTO ingredients_ingredient VALUES(1412,'раковые шейки в рассоле','г');
INSERT INTO ingredients_ingredient VALUES(1413,'рамбутан','г');
INSERT INTO ingredients_ingredient VALUES(1414,'рапаны','г');
INSERT INTO ingredients_ingredient VALUES(1415,'рапсовое масло','мл');
INSERT INTO ingredients_ingredient VALUES(1416,'рассол','мл');
INSERT INTO ingredients_ingredient VALUES(1417,'рассол от каперсов','мл');
INSERT INTO ingredients_ingredient VALUES(1418,'рассол от оливок','мл');
INSERT INTO ingredients_ingredient VALUES(1419,'растительное масло','мл');
INSERT INTO ingredients_ingredient VALUES(1420,'растительное масло для жарки','мл');
INSERT INTO ingredients_ingredient VALUES(1421,'растительное масло нерафинированное','мл');
INSERT INTO ingredients_ingredient VALUES(1422,'растительное масло рафинированное','мл');
INSERT INTO ingredients_ingredient VALUES(1423,'растительное молоко','мл');
INSERT INTO ingredients_ingredient VALUES(1424,'ревень','г');
INSERT INTO ingredients_ingredient VALUES(1425,'реган','веточка');
INSERT INTO ingredients_ingredient VALUES(1426,'редис','г');
INSERT INTO ingredients_ingredient VALUES(1427,'редька','г');
INSERT INTO ingredients_ingredient VALUES(1428,'редька белая','г');
INSERT INTO ingredients_ingredient VALUES(1429,'редька зеленая','г');
INSERT INTO ingredients_ingredient VALUES(1430,'редька черная','г');
INSERT INTO ingredients_ingredient VALUES(1431,'репа','г');
INSERT INTO ingredients_ingredient VALUES(1432,'репа белая','г');
INSERT INTO ingredients_ingredient VALUES(1433,'ржаная закваска','г');
INSERT INTO ingredients_ingredient VALUES(1434,'ржаная закваска густая','г');
INSERT INTO ingredients_ingredient VALUES(1435,'ржаная мука','г');
INSERT INTO ingredients_ingredient VALUES(1436,'ржаные отруби','г');
INSERT INTO ingredients_ingredient VALUES(1437,'ригатони','г');
INSERT INTO ingredients_ingredient VALUES(1438,'рикотта','г');
INSERT INTO ingredients_ingredient VALUES(1439,'рикотта твердая','г');
INSERT INTO ingredients_ingredient VALUES(1440,'рис','г');
INSERT INTO ingredients_ingredient VALUES(1441,'рис арборио','г');
INSERT INTO ingredients_ingredient VALUES(1442,'рис басмати','г');
INSERT INTO ingredients_ingredient VALUES(1443,'рис бурый','г');
INSERT INTO ingredients_ingredient VALUES(1444,'рис бурый и дикий смесь','г');
INSERT INTO ingredients_ingredient VALUES(1445,'рис вареный','г');
INSERT INTO ingredients_ingredient VALUES(1446,'рис виола','г');
INSERT INTO ingredients_ingredient VALUES(1447,'рис девзира','г');
INSERT INTO ingredients_ingredient VALUES(1448,'рис дикий','г');
INSERT INTO ingredients_ingredient VALUES(1449,'рис дикий и золотистый смесь','г');
INSERT INTO ingredients_ingredient VALUES(1450,'рис длиннозерный','г');
INSERT INTO ingredients_ingredient VALUES(1451,'рис длиннозерный золотистый','г');
INSERT INTO ingredients_ingredient VALUES(1452,'рис для плова','г');
INSERT INTO ingredients_ingredient VALUES(1453,'рис для пудинга','г');
INSERT INTO ingredients_ingredient VALUES(1454,'рис для ризотто','г');
INSERT INTO ingredients_ingredient VALUES(1455,'рис для суши','г');
INSERT INTO ingredients_ingredient VALUES(1456,'рис жасминовый','г');
INSERT INTO ingredients_ingredient VALUES(1457,'рис золотистый','г');
INSERT INTO ingredients_ingredient VALUES(1458,'рис индика','г');
INSERT INTO ingredients_ingredient VALUES(1459,'рис италика','г');
INSERT INTO ingredients_ingredient VALUES(1460,'рис карнароли','г');
INSERT INTO ingredients_ingredient VALUES(1461,'рис красный','г');
INSERT INTO ingredients_ingredient VALUES(1462,'рис круглозерный','г');
INSERT INTO ingredients_ingredient VALUES(1463,'рис кубанский','г');
INSERT INTO ingredients_ingredient VALUES(1464,'рисовая бумага','г');
INSERT INTO ingredients_ingredient VALUES(1465,'рисовая лапша','г');
INSERT INTO ingredients_ingredient VALUES(1466,'рисовая мука','г');
INSERT INTO ingredients_ingredient VALUES(1467,'рисовое вино','мл');
INSERT INTO ingredients_ingredient VALUES(1468,'рисовые хлопья','г');
INSERT INTO ingredients_ingredient VALUES(1469,'рисовые шарики воздушные','г');
INSERT INTO ingredients_ingredient VALUES(1470,'рисовый крахмал','г');
INSERT INTO ingredients_ingredient VALUES(1471,'рисовый уксус','мл');
INSERT INTO ingredients_ingredient VALUES(1472,'рис пропаренный','г');
INSERT INTO ingredients_ingredient VALUES(1473,'рис пропаренный и дикий смесь','г');
INSERT INTO ingredients_ingredient VALUES(1474,'рис японика','г');
INSERT INTO ingredients_ingredient VALUES(1475,'рожь','г');
INSERT INTO ingredients_ingredient VALUES(1476,'розмарин','г');
INSERT INTO ingredients_ingredient VALUES(1477,'розмарин сушеный','г');
INSERT INTO ingredients_ingredient VALUES(1478,'розовая вода','мл');
INSERT INTO ingredients_ingredient VALUES(1479,'розовые бутоны сушеные','г');
INSERT INTO ingredients_ingredient VALUES(1480,'розовые лепестки','г');
INSERT INTO ingredients_ingredient VALUES(1481,'розы','г');
INSERT INTO ingredients_ingredient VALUES(1482,'рокфор','г');
INSERT INTO ingredients_ingredient VALUES(1483,'ром','мл');
INSERT INTO ingredients_ingredient VALUES(1484,'ромашка сушеная','г');
INSERT INTO ingredients_ingredient VALUES(1485,'ромовый экстракт','ч. л.');
INSERT INTO ingredients_ingredient VALUES(1486,'ром темный','мл');
INSERT INTO ingredients_ingredient VALUES(1487,'ростбиф','г');
INSERT INTO ingredients_ingredient VALUES(1488,'рукола','г');
INSERT INTO ingredients_ingredient VALUES(1489,'рулька','г');
INSERT INTO ingredients_ingredient VALUES(1490,'рыба','г');
INSERT INTO ingredients_ingredient VALUES(1491,'рыба белая','г');
INSERT INTO ingredients_ingredient VALUES(1492,'рыба белая филе','г');
INSERT INTO ingredients_ingredient VALUES(1493,'рыба консервированная','г');
INSERT INTO ingredients_ingredient VALUES(1494,'рыба копченая','г');
INSERT INTO ingredients_ingredient VALUES(1495,'рыба копченая филе','г');
INSERT INTO ingredients_ingredient VALUES(1496,'рыба красная','г');
INSERT INTO ingredients_ingredient VALUES(1497,'рыба красная соленая','г');
INSERT INTO ingredients_ingredient VALUES(1498,'рыба красная филе','г');
INSERT INTO ingredients_ingredient VALUES(1499,'рыба-меч','г');
INSERT INTO ingredients_ingredient VALUES(1500,'рыба морская','г');
INSERT INTO ingredients_ingredient VALUES(1501,'рыба солнечник филе','г');
INSERT INTO ingredients_ingredient VALUES(1502,'рыба-соль','г');
INSERT INTO ingredients_ingredient VALUES(1503,'рыбное филе','г');
INSERT INTO ingredients_ingredient VALUES(1504,'рыбные консервы','г');
INSERT INTO ingredients_ingredient VALUES(1505,'рыбные кости','г');
INSERT INTO ingredients_ingredient VALUES(1506,'рыбные обрезки, головы, плавники','г');
INSERT INTO ingredients_ingredient VALUES(1507,'рыбный бульон','г');
INSERT INTO ingredients_ingredient VALUES(1508,'рыбный соус','г');
INSERT INTO ingredients_ingredient VALUES(1509,'рыбный соус Nam Pla','г');
INSERT INTO ingredients_ingredient VALUES(1510,'рыбный соус тайский','г');
INSERT INTO ingredients_ingredient VALUES(1511,'рыбный фарш','г');
INSERT INTO ingredients_ingredient VALUES(1512,'рябина черноплодная','г');
INSERT INTO ingredients_ingredient VALUES(1513,'рябчик','г');
INSERT INTO ingredients_ingredient VALUES(1514,'ряженка','мл');
INSERT INTO ingredients_ingredient VALUES(1515,'ряженка 4%','мл');
INSERT INTO ingredients_ingredient VALUES(1516,'сайда','г');
INSERT INTO ingredients_ingredient VALUES(1517,'сайда филе','г');
INSERT INTO ingredients_ingredient VALUES(1518,'сайра','г');
INSERT INTO ingredients_ingredient VALUES(1519,'сайра консервированная','г');
INSERT INTO ingredients_ingredient VALUES(1520,'саке','мл');
INSERT INTO ingredients_ingredient VALUES(1521,'салака','г');
INSERT INTO ingredients_ingredient VALUES(1522,'салат','г');
INSERT INTO ingredients_ingredient VALUES(1523,'салат айсберг','г');
INSERT INTO ingredients_ingredient VALUES(1524,'салат китайский','г');
INSERT INTO ingredients_ingredient VALUES(1525,'салат корн','г');
INSERT INTO ingredients_ingredient VALUES(1526,'салат кочанный','г');
INSERT INTO ingredients_ingredient VALUES(1527,'салат кучерявый','г');
INSERT INTO ingredients_ingredient VALUES(1528,'салат листовой','г');
INSERT INTO ingredients_ingredient VALUES(1529,'салатный микс','г');
INSERT INTO ingredients_ingredient VALUES(1530,'салат романо','г');
INSERT INTO ingredients_ingredient VALUES(1531,'салат фриссе','г');
INSERT INTO ingredients_ingredient VALUES(1532,'сало','г');
INSERT INTO ingredients_ingredient VALUES(1533,'сало копченое в перце','г');
INSERT INTO ingredients_ingredient VALUES(1534,'сало копченое с мясными прослойками','г');
INSERT INTO ingredients_ingredient VALUES(1535,'сало с мясными прослойками','г');
INSERT INTO ingredients_ingredient VALUES(1536,'сальник','г');
INSERT INTO ingredients_ingredient VALUES(1537,'сальса','г');
INSERT INTO ingredients_ingredient VALUES(1538,'сальса верде','ч. л.');
INSERT INTO ingredients_ingredient VALUES(1539,'салями','г');
INSERT INTO ingredients_ingredient VALUES(1540,'салями итальянская','г');
INSERT INTO ingredients_ingredient VALUES(1541,'сардельки','г');
INSERT INTO ingredients_ingredient VALUES(1542,'сардельки копченые','г');
INSERT INTO ingredients_ingredient VALUES(1543,'сардинки маленькие','г');
INSERT INTO ingredients_ingredient VALUES(1544,'сардины','г');
INSERT INTO ingredients_ingredient VALUES(1545,'сардины в масле','г');
INSERT INTO ingredients_ingredient VALUES(1546,'сахар','г');
INSERT INTO ingredients_ingredient VALUES(1547,'сахар ванильный','г');
INSERT INTO ingredients_ingredient VALUES(1548,'сахар демерара','г');
INSERT INTO ingredients_ingredient VALUES(1549,'сахар жемчужный','г');
INSERT INTO ingredients_ingredient VALUES(1550,'сахар коричневый','г');
INSERT INTO ingredients_ingredient VALUES(1551,'сахар коричневый крупнокристаллический','г');
INSERT INTO ingredients_ingredient VALUES(1552,'сахар мусковадо','г');
INSERT INTO ingredients_ingredient VALUES(1553,'сахарная пудра','г');
INSERT INTO ingredients_ingredient VALUES(1554,'сахарная пудра апельсиновая','г');
INSERT INTO ingredients_ingredient VALUES(1555,'сахарная пудра ванильная','г');
INSERT INTO ingredients_ingredient VALUES(1556,'сахарные жемчужинки','г');
INSERT INTO ingredients_ingredient VALUES(1557,'сахарные кондитерские украшения','г');
INSERT INTO ingredients_ingredient VALUES(1558,'сахарный песок','г');
INSERT INTO ingredients_ingredient VALUES(1559,'сахарный песок крупный','г');
INSERT INTO ingredients_ingredient VALUES(1560,'сахарный песок мелкий','г');
INSERT INTO ingredients_ingredient VALUES(1561,'сахарный сироп','г');
INSERT INTO ingredients_ingredient VALUES(1562,'сахар пальмовый','г');
INSERT INTO ingredients_ingredient VALUES(1563,'сахар-рафинад','г');
INSERT INTO ingredients_ingredient VALUES(1564,'сахар-рафинад с корицей','г');
INSERT INTO ingredients_ingredient VALUES(1565,'сахар тростниковый','г');
INSERT INTO ingredients_ingredient VALUES(1566,'сванская соль','г');
INSERT INTO ingredients_ingredient VALUES(1567,'свекла','г');
INSERT INTO ingredients_ingredient VALUES(1568,'свекла вареная','г');
INSERT INTO ingredients_ingredient VALUES(1569,'свекольная ботва','г');
INSERT INTO ingredients_ingredient VALUES(1570,'свекольные листья','г');
INSERT INTO ingredients_ingredient VALUES(1571,'свиная вырезка','г');
INSERT INTO ingredients_ingredient VALUES(1572,'свиная голова','г');
INSERT INTO ingredients_ingredient VALUES(1573,'свиная грудинка','г');
INSERT INTO ingredients_ingredient VALUES(1574,'свиная корейка','г');
INSERT INTO ingredients_ingredient VALUES(1575,'свиная корейка копченая','г');
INSERT INTO ingredients_ingredient VALUES(1576,'свиная корейка на кости','г');
INSERT INTO ingredients_ingredient VALUES(1577,'свиная лопатка варено-копченая','г');
INSERT INTO ingredients_ingredient VALUES(1578,'свиная мякоть','г');
INSERT INTO ingredients_ingredient VALUES(1579,'свиная пашина','г');
INSERT INTO ingredients_ingredient VALUES(1580,'свиная печень','г');
INSERT INTO ingredients_ingredient VALUES(1581,'свиная рулька','г');
INSERT INTO ingredients_ingredient VALUES(1582,'свиная рулька варено-копченая','г');
INSERT INTO ingredients_ingredient VALUES(1583,'свиная рулька копченая','г');
INSERT INTO ingredients_ingredient VALUES(1584,'свиная шейка','кусок');
INSERT INTO ingredients_ingredient VALUES(1585,'свинина','г');
INSERT INTO ingredients_ingredient VALUES(1586,'свинина вареная','г');
INSERT INTO ingredients_ingredient VALUES(1587,'свинина нежирная','г');
INSERT INTO ingredients_ingredient VALUES(1588,'свинина с жирком','г');
INSERT INTO ingredients_ingredient VALUES(1589,'свиное сердце','г');
INSERT INTO ingredients_ingredient VALUES(1590,'свиное филе','г');
INSERT INTO ingredients_ingredient VALUES(1591,'свиной подчеревок','г');
INSERT INTO ingredients_ingredient VALUES(1592,'свиной фарш','г');
INSERT INTO ingredients_ingredient VALUES(1593,'свиной язык','г');
INSERT INTO ingredients_ingredient VALUES(1594,'свиные котлеты на косточке','шт.');
INSERT INTO ingredients_ingredient VALUES(1595,'свиные легкие','г');
INSERT INTO ingredients_ingredient VALUES(1596,'свиные ножки','г');
INSERT INTO ingredients_ingredient VALUES(1597,'свиные отбивные','г');
INSERT INTO ingredients_ingredient VALUES(1598,'свиные отбивные на косточке','г');
INSERT INTO ingredients_ingredient VALUES(1599,'свиные ребра','г');
INSERT INTO ingredients_ingredient VALUES(1600,'свиные уши','шт.');
INSERT INTO ingredients_ingredient VALUES(1601,'свиные щечки','шт.');
INSERT INTO ingredients_ingredient VALUES(1602,'свити','г');
INSERT INTO ingredients_ingredient VALUES(1603,'сельдерей','г');
INSERT INTO ingredients_ingredient VALUES(1604,'сельдерей зелень','г');
INSERT INTO ingredients_ingredient VALUES(1605,'сельдерей корень','г');
INSERT INTO ingredients_ingredient VALUES(1606,'сельдерей корень сушеный','г');
INSERT INTO ingredients_ingredient VALUES(1607,'сельдерейная соль','г');
INSERT INTO ingredients_ingredient VALUES(1608,'сельдерей семена','г');
INSERT INTO ingredients_ingredient VALUES(1609,'сельдерей стебли','г');
INSERT INTO ingredients_ingredient VALUES(1610,'сельдь','г');
INSERT INTO ingredients_ingredient VALUES(1611,'сельдь слабосоленая','г');
INSERT INTO ingredients_ingredient VALUES(1612,'сельдь соленая','шт.');
INSERT INTO ingredients_ingredient VALUES(1613,'сельдь филе','г');
INSERT INTO ingredients_ingredient VALUES(1614,'семга','г');
INSERT INTO ingredients_ingredient VALUES(1615,'семга копченая','г');
INSERT INTO ingredients_ingredient VALUES(1616,'семга свежая','г');
INSERT INTO ingredients_ingredient VALUES(1617,'семга соленая','г');
INSERT INTO ingredients_ingredient VALUES(1618,'семга филе на коже','г');
INSERT INTO ingredients_ingredient VALUES(1619,'семечки','г');
INSERT INTO ingredients_ingredient VALUES(1620,'семечки смесь','г');
INSERT INTO ingredients_ingredient VALUES(1621,'семолина','г');
INSERT INTO ingredients_ingredient VALUES(1622,'сервелат варено-копченый','г');
INSERT INTO ingredients_ingredient VALUES(1623,'сибас','г');
INSERT INTO ingredients_ingredient VALUES(1624,'сидр','мл');
INSERT INTO ingredients_ingredient VALUES(1625,'сироп','мл');
INSERT INTO ingredients_ingredient VALUES(1626,'сироп от консервированных груш','мл');
INSERT INTO ingredients_ingredient VALUES(1627,'сироп от консервированных персиков','мл');
INSERT INTO ingredients_ingredient VALUES(1628,'сироп топинамбура','мл');
INSERT INTO ingredients_ingredient VALUES(1629,'скумбрия','г');
INSERT INTO ingredients_ingredient VALUES(1630,'скумбрия свежая','г');
INSERT INTO ingredients_ingredient VALUES(1631,'скумбрия филе','г');
INSERT INTO ingredients_ingredient VALUES(1632,'скумбрия холодного копчения','г');
INSERT INTO ingredients_ingredient VALUES(1633,'сливки','мл');
INSERT INTO ingredients_ingredient VALUES(1634,'сливки 10-20%','мл');
INSERT INTO ingredients_ingredient VALUES(1635,'сливки 15%','мл');
INSERT INTO ingredients_ingredient VALUES(1636,'сливки 20%','мл');
INSERT INTO ingredients_ingredient VALUES(1637,'сливки 33-35%','мл');
INSERT INTO ingredients_ingredient VALUES(1638,'сливки жирные','мл');
INSERT INTO ingredients_ingredient VALUES(1639,'сливки кондитерские','мл');
INSERT INTO ingredients_ingredient VALUES(1640,'сливовая паста','г');
INSERT INTO ingredients_ingredient VALUES(1641,'сливовое варенье','г');
INSERT INTO ingredients_ingredient VALUES(1642,'сливовое вино','мл');
INSERT INTO ingredients_ingredient VALUES(1643,'сливовый джем','г');
INSERT INTO ingredients_ingredient VALUES(1644,'сливовый ликер','мл');
INSERT INTO ingredients_ingredient VALUES(1645,'сливовый соус','г');
INSERT INTO ingredients_ingredient VALUES(1646,'сливочное масло','г');
INSERT INTO ingredients_ingredient VALUES(1647,'сливы','г');
INSERT INTO ingredients_ingredient VALUES(1648,'сливы замороженные','г');
INSERT INTO ingredients_ingredient VALUES(1649,'смалец','г');
INSERT INTO ingredients_ingredient VALUES(1650,'смесь для кекса','г');
INSERT INTO ingredients_ingredient VALUES(1651,'смесь для оладий','г');
INSERT INTO ingredients_ingredient VALUES(1652,'смесь для хлеба 8 злаков','г');
INSERT INTO ingredients_ingredient VALUES(1653,'сметана','г');
INSERT INTO ingredients_ingredient VALUES(1654,'сметана 10%','г');
INSERT INTO ingredients_ingredient VALUES(1655,'сметана 15%','г');
INSERT INTO ingredients_ingredient VALUES(1656,'сметана 18%','г');
INSERT INTO ingredients_ingredient VALUES(1657,'сметана 20%','г');
INSERT INTO ingredients_ingredient VALUES(1658,'сметана 25%','г');
INSERT INTO ingredients_ingredient VALUES(1659,'сметана 30%','г');
INSERT INTO ingredients_ingredient VALUES(1660,'сметана 35%','г');
INSERT INTO ingredients_ingredient VALUES(1661,'сметана жирная','г');
INSERT INTO ingredients_ingredient VALUES(1662,'сметана нежирная','г');
INSERT INTO ingredients_ingredient VALUES(1663,'сметана некислая','г');
INSERT INTO ingredients_ingredient VALUES(1664,'смородина сушеная','г');
INSERT INTO ingredients_ingredient VALUES(1665,'смородиновые листья','г');
INSERT INTO ingredients_ingredient VALUES(1666,'сморчки сухие','г');
INSERT INTO ingredients_ingredient VALUES(1667,'снежок','мл');
INSERT INTO ingredients_ingredient VALUES(1668,'сныть','г');
INSERT INTO ingredients_ingredient VALUES(1669,'сода','г');
INSERT INTO ingredients_ingredient VALUES(1670,'соевая мука','г');
INSERT INTO ingredients_ingredient VALUES(1671,'соевое масло','г');
INSERT INTO ingredients_ingredient VALUES(1672,'соевое молоко','мл');
INSERT INTO ingredients_ingredient VALUES(1673,'соевые ростки','г');
INSERT INTO ingredients_ingredient VALUES(1674,'соевый соус','г');
INSERT INTO ingredients_ingredient VALUES(1675,'сок','мл');
INSERT INTO ingredients_ingredient VALUES(1676,'сок из красных апельсинов','мл');
INSERT INTO ingredients_ingredient VALUES(1677,'сок мультивитаминный','мл');
INSERT INTO ingredients_ingredient VALUES(1678,'сок юзу','мл');
INSERT INTO ingredients_ingredient VALUES(1679,'солод','г');
INSERT INTO ingredients_ingredient VALUES(1680,'солод жидкий','мл');
INSERT INTO ingredients_ingredient VALUES(1681,'солодовый экстракт','г');
INSERT INTO ingredients_ingredient VALUES(1682,'солод темный','г');
INSERT INTO ingredients_ingredient VALUES(1683,'соломка','г');
INSERT INTO ingredients_ingredient VALUES(1684,'соль','г');
INSERT INTO ingredients_ingredient VALUES(1685,'соль гималайская','г');
INSERT INTO ingredients_ingredient VALUES(1686,'соль крупного помола','г');
INSERT INTO ingredients_ingredient VALUES(1687,'соль морская','г');
INSERT INTO ingredients_ingredient VALUES(1688,'сом филе','г');
INSERT INTO ingredients_ingredient VALUES(1689,'сосиски','г');
INSERT INTO ingredients_ingredient VALUES(1690,'сосиски из куриного фарша','г');
INSERT INTO ingredients_ingredient VALUES(1691,'сосиски копченые','г');
INSERT INTO ingredients_ingredient VALUES(1692,'соус','г');
INSERT INTO ingredients_ingredient VALUES(1693,'соус black bean','г');
INSERT INTO ingredients_ingredient VALUES(1694,'соус sambal oelek','г');
INSERT INTO ingredients_ingredient VALUES(1695,'соус барбекю','г');
INSERT INTO ingredients_ingredient VALUES(1696,'соус краснодарский','г');
INSERT INTO ingredients_ingredient VALUES(1697,'соус красный острый','г');
INSERT INTO ingredients_ingredient VALUES(1698,'соус мирин','г');
INSERT INTO ingredients_ingredient VALUES(1699,'соус наршараб','г');
INSERT INTO ingredients_ingredient VALUES(1700,'соус острый','г');
INSERT INTO ingredients_ingredient VALUES(1701,'соус песто','г');
INSERT INTO ingredients_ingredient VALUES(1702,'соус сацебели','г');
INSERT INTO ingredients_ingredient VALUES(1703,'соус табаско','капля');
INSERT INTO ingredients_ingredient VALUES(1704,'соус терияки','г');
INSERT INTO ingredients_ingredient VALUES(1705,'соус ткемали','г');
INSERT INTO ingredients_ingredient VALUES(1706,'соус ткемали благородный','г');
INSERT INTO ingredients_ingredient VALUES(1707,'соус ткемали ранний','г');
INSERT INTO ingredients_ingredient VALUES(1708,'соус устричный','г');
INSERT INTO ingredients_ingredient VALUES(1709,'соус чили','г');
INSERT INTO ingredients_ingredient VALUES(1710,'соус чили сладкий','г');
INSERT INTO ingredients_ingredient VALUES(1711,'соус экзотический','г');
INSERT INTO ingredients_ingredient VALUES(1712,'соя','г');
INSERT INTO ingredients_ingredient VALUES(1713,'спагетти','г');
INSERT INTO ingredients_ingredient VALUES(1714,'спагетти № 3','г');
INSERT INTO ingredients_ingredient VALUES(1715,'спагетти № 5','г');
INSERT INTO ingredients_ingredient VALUES(1716,'спагетти лунги','г');
INSERT INTO ingredients_ingredient VALUES(1717,'спаржа','г');
INSERT INTO ingredients_ingredient VALUES(1718,'спаржа белая','г');
INSERT INTO ingredients_ingredient VALUES(1719,'спаржа зеленая','г');
INSERT INTO ingredients_ingredient VALUES(1720,'спаржа молодая','г');
INSERT INTO ingredients_ingredient VALUES(1721,'спек','г');
INSERT INTO ingredients_ingredient VALUES(1722,'спельта','г');
INSERT INTO ingredients_ingredient VALUES(1723,'спельтовая (полбяная) мука','г');
INSERT INTO ingredients_ingredient VALUES(1724,'специи','г');
INSERT INTO ingredients_ingredient VALUES(1725,'спирт','мл');
INSERT INTO ingredients_ingredient VALUES(1726,'спирулина порошок','г');
INSERT INTO ingredients_ingredient VALUES(1727,'спред','г');
INSERT INTO ingredients_ingredient VALUES(1728,'ставрида','г');
INSERT INTO ingredients_ingredient VALUES(1729,'стейк семги','г');
INSERT INTO ingredients_ingredient VALUES(1730,'стеклянная лапша','г');
INSERT INTO ingredients_ingredient VALUES(1731,'страчателла','г');
INSERT INTO ingredients_ingredient VALUES(1732,'судак','г');
INSERT INTO ingredients_ingredient VALUES(1733,'судак филе','г');
INSERT INTO ingredients_ingredient VALUES(1734,'судак филе на коже','г');
INSERT INTO ingredients_ingredient VALUES(1735,'сулугуни','г');
INSERT INTO ingredients_ingredient VALUES(1736,'сулугуни копченый','г');
INSERT INTO ingredients_ingredient VALUES(1737,'сумах','г');
INSERT INTO ingredients_ingredient VALUES(1738,'суповой набор','г');
INSERT INTO ingredients_ingredient VALUES(1739,'сухари','г');
INSERT INTO ingredients_ingredient VALUES(1740,'сухари белые','г');
INSERT INTO ingredients_ingredient VALUES(1741,'сухари молотые','г');
INSERT INTO ingredients_ingredient VALUES(1742,'сухари панировочные','г');
INSERT INTO ingredients_ingredient VALUES(1743,'сухари ржаные','г');
INSERT INTO ingredients_ingredient VALUES(1744,'сухарная крошка','г');
INSERT INTO ingredients_ingredient VALUES(1745,'сухофрукты','г');
INSERT INTO ingredients_ingredient VALUES(1746,'сухофрукты тропические','г');
INSERT INTO ingredients_ingredient VALUES(1747,'сушки','г');
INSERT INTO ingredients_ingredient VALUES(1748,'сыворотка','г');
INSERT INTO ingredients_ingredient VALUES(1749,'сыр','г');
INSERT INTO ingredients_ingredient VALUES(1750,'сыр tete de moine','г');
INSERT INTO ingredients_ingredient VALUES(1751,'сыр Австрия блю','г');
INSERT INTO ingredients_ingredient VALUES(1752,'сыр адыгейский','г');
INSERT INTO ingredients_ingredient VALUES(1753,'сыр бри','г');
INSERT INTO ingredients_ingredient VALUES(1754,'сыр буко','г');
INSERT INTO ingredients_ingredient VALUES(1755,'сыр гауда','г');
INSERT INTO ingredients_ingredient VALUES(1756,'сыр гойя','г');
INSERT INTO ingredients_ingredient VALUES(1757,'сыр голландский','г');
INSERT INTO ingredients_ingredient VALUES(1758,'сыр голубой','г');
INSERT INTO ingredients_ingredient VALUES(1759,'сыр гравьера','г');
INSERT INTO ingredients_ingredient VALUES(1760,'сыр джугас','г');
INSERT INTO ingredients_ingredient VALUES(1761,'сыр домашний','г');
INSERT INTO ingredients_ingredient VALUES(1762,'сыр дорблю','г');
INSERT INTO ingredients_ingredient VALUES(1763,'сыр имеретинский','г');
INSERT INTO ingredients_ingredient VALUES(1764,'сыр кефалотири','г');
INSERT INTO ingredients_ingredient VALUES(1765,'сырки творожные','г');
INSERT INTO ingredients_ingredient VALUES(1766,'сыр козий мягкий','г');
INSERT INTO ingredients_ingredient VALUES(1767,'сыр козий твердый','г');
INSERT INTO ingredients_ingredient VALUES(1768,'сыр колбасный','г');
INSERT INTO ingredients_ingredient VALUES(1769,'сыр копченый','г');
INSERT INTO ingredients_ingredient VALUES(1770,'сыр коттедж','г');
INSERT INTO ingredients_ingredient VALUES(1771,'сыр Маскарпоне','г');
INSERT INTO ingredients_ingredient VALUES(1772,'сыр мраморный','г');
INSERT INTO ingredients_ingredient VALUES(1773,'сыр мягкий','г');
INSERT INTO ingredients_ingredient VALUES(1774,'сыр овечий','г');
INSERT INTO ingredients_ingredient VALUES(1775,'сыр панир','г');
INSERT INTO ingredients_ingredient VALUES(1776,'сыр пеше миньон','г');
INSERT INTO ingredients_ingredient VALUES(1777,'сыр плавленый','г');
INSERT INTO ingredients_ingredient VALUES(1778,'сыр плавленый шоколадный','г');
INSERT INTO ingredients_ingredient VALUES(1779,'сыр пластинками','г');
INSERT INTO ingredients_ingredient VALUES(1780,'сыр полутвердый','г');
INSERT INTO ingredients_ingredient VALUES(1781,'сыр провола','г');
INSERT INTO ingredients_ingredient VALUES(1782,'сыр российский','г');
INSERT INTO ingredients_ingredient VALUES(1783,'сыр скаморца','г');
INSERT INTO ingredients_ingredient VALUES(1784,'сыр скаморца копченый','г');
INSERT INTO ingredients_ingredient VALUES(1785,'сыр сливочный','г');
INSERT INTO ingredients_ingredient VALUES(1786,'сыр с плесенью','г');
INSERT INTO ingredients_ingredient VALUES(1787,'сыр с плесенью мягкий','г');
INSERT INTO ingredients_ingredient VALUES(1788,'сыр твердый','г');
INSERT INTO ingredients_ingredient VALUES(1789,'сыр филадельфия','г');
INSERT INTO ingredients_ingredient VALUES(1790,'сыр фонтина','г');
INSERT INTO ingredients_ingredient VALUES(1791,'сыр хаварти','г');
INSERT INTO ingredients_ingredient VALUES(1792,'сыр швейцарский','г');
INSERT INTO ingredients_ingredient VALUES(1793,'сычужный фермент','ч. л.');
INSERT INTO ingredients_ingredient VALUES(1794,'таледжо','г');
INSERT INTO ingredients_ingredient VALUES(1795,'тальолини','г');
INSERT INTO ingredients_ingredient VALUES(1796,'тальятелле','г');
INSERT INTO ingredients_ingredient VALUES(1797,'тальятелле-гнезда','г');
INSERT INTO ingredients_ingredient VALUES(1798,'тамаринд','г');
INSERT INTO ingredients_ingredient VALUES(1799,'тамариндовая паста','г');
INSERT INTO ingredients_ingredient VALUES(1800,'тапиока','г');
INSERT INTO ingredients_ingredient VALUES(1801,'тарталетки','г');
INSERT INTO ingredients_ingredient VALUES(1802,'тартар','г');
INSERT INTO ingredients_ingredient VALUES(1803,'тархун','г');
INSERT INTO ingredients_ingredient VALUES(1804,'творог','г');
INSERT INTO ingredients_ingredient VALUES(1805,'творог 18%','г');
INSERT INTO ingredients_ingredient VALUES(1806,'творог 2%','г');
INSERT INTO ingredients_ingredient VALUES(1807,'творог 5%','г');
INSERT INTO ingredients_ingredient VALUES(1808,'творог 9%','г');
INSERT INTO ingredients_ingredient VALUES(1809,'творог жирный','г');
INSERT INTO ingredients_ingredient VALUES(1810,'творог зерненый','г');
INSERT INTO ingredients_ingredient VALUES(1811,'творог обезжиренный','г');
INSERT INTO ingredients_ingredient VALUES(1812,'творожная масса','г');
INSERT INTO ingredients_ingredient VALUES(1813,'творожная паста','г');
INSERT INTO ingredients_ingredient VALUES(1814,'творожный сыр','г');
INSERT INTO ingredients_ingredient VALUES(1815,'творожный сыр соленый','г');
INSERT INTO ingredients_ingredient VALUES(1816,'творожок клубничный','г');
INSERT INTO ingredients_ingredient VALUES(1817,'текила','мл');
INSERT INTO ingredients_ingredient VALUES(1818,'телятина','г');
INSERT INTO ingredients_ingredient VALUES(1819,'телятина вареная','г');
INSERT INTO ingredients_ingredient VALUES(1820,'телячий фарш','г');
INSERT INTO ingredients_ingredient VALUES(1821,'телячьи отбивные на косточке','шт.');
INSERT INTO ingredients_ingredient VALUES(1822,'телячьи шницели','г');
INSERT INTO ingredients_ingredient VALUES(1823,'телячьи эскалопы','г');
INSERT INTO ingredients_ingredient VALUES(1824,'телячья вырезка','г');
INSERT INTO ingredients_ingredient VALUES(1825,'телячья печень','г');
INSERT INTO ingredients_ingredient VALUES(1826,'телячья щека','г');
INSERT INTO ingredients_ingredient VALUES(1827,'тесто бездрожжевое','г');
INSERT INTO ingredients_ingredient VALUES(1828,'тесто готовое','г');
INSERT INTO ingredients_ingredient VALUES(1829,'тесто для вонтонов','г');
INSERT INTO ingredients_ingredient VALUES(1830,'тесто для пиццы','г');
INSERT INTO ingredients_ingredient VALUES(1831,'тесто дрожжевое','г');
INSERT INTO ingredients_ingredient VALUES(1832,'тесто катаифи','г');
INSERT INTO ingredients_ingredient VALUES(1833,'тесто макаронное','г');
INSERT INTO ingredients_ingredient VALUES(1834,'тесто макаронное для лазаньи','г');
INSERT INTO ingredients_ingredient VALUES(1835,'тесто пельменное','г');
INSERT INTO ingredients_ingredient VALUES(1836,'тесто песочное','г');
INSERT INTO ingredients_ingredient VALUES(1837,'тесто пресное','г');
INSERT INTO ingredients_ingredient VALUES(1838,'тесто пряничное','г');
INSERT INTO ingredients_ingredient VALUES(1839,'тесто слоеное','г');
INSERT INTO ingredients_ingredient VALUES(1840,'тесто слоеное бездрожжевое','г');
INSERT INTO ingredients_ingredient VALUES(1841,'тесто слоеное дрожжевое','г');
INSERT INTO ingredients_ingredient VALUES(1842,'тесто фило','г');
INSERT INTO ingredients_ingredient VALUES(1843,'тилапия','г');
INSERT INTO ingredients_ingredient VALUES(1844,'тилапия филе','г');
INSERT INTO ingredients_ingredient VALUES(1845,'тильзитер','г');
INSERT INTO ingredients_ingredient VALUES(1846,'тимьян','г');
INSERT INTO ingredients_ingredient VALUES(1847,'тимьян лимонный','г');
INSERT INTO ingredients_ingredient VALUES(1848,'тимьян свежий','г');
INSERT INTO ingredients_ingredient VALUES(1849,'тимьян сушеный','г');
INSERT INTO ingredients_ingredient VALUES(1850,'ткемали','г');
INSERT INTO ingredients_ingredient VALUES(1851,'тмин','г');
INSERT INTO ingredients_ingredient VALUES(1852,'тмин молотый','г');
INSERT INTO ingredients_ingredient VALUES(1853,'томатная паста','г');
INSERT INTO ingredients_ingredient VALUES(1854,'томатное пюре','г');
INSERT INTO ingredients_ingredient VALUES(1855,'томатный концентрат','г');
INSERT INTO ingredients_ingredient VALUES(1856,'томатный порошок','г');
INSERT INTO ingredients_ingredient VALUES(1857,'томатный сок','мл');
INSERT INTO ingredients_ingredient VALUES(1858,'томатный соус','г');
INSERT INTO ingredients_ingredient VALUES(1859,'томатный соус итальянский','г');
INSERT INTO ingredients_ingredient VALUES(1860,'томатный соус острый','г');
INSERT INTO ingredients_ingredient VALUES(1861,'томатный соус с базиликом','г');
INSERT INTO ingredients_ingredient VALUES(1862,'тоник','мл');
INSERT INTO ingredients_ingredient VALUES(1863,'топинамбур','г');
INSERT INTO ingredients_ingredient VALUES(1864,'топленое масло','г');
INSERT INTO ingredients_ingredient VALUES(1865,'тортильи','шт.');
INSERT INTO ingredients_ingredient VALUES(1866,'тортильони','г');
INSERT INTO ingredients_ingredient VALUES(1867,'тофу','г');
INSERT INTO ingredients_ingredient VALUES(1868,'травы ароматные','г');
INSERT INTO ingredients_ingredient VALUES(1869,'травы пряные с перцем','г');
INSERT INTO ingredients_ingredient VALUES(1870,'травы сухие','г');
INSERT INTO ingredients_ingredient VALUES(1871,'треска','г');
INSERT INTO ingredients_ingredient VALUES(1872,'треска печень','г');
INSERT INTO ingredients_ingredient VALUES(1873,'треска филе','г');
INSERT INTO ingredients_ingredient VALUES(1874,'трюфель','г');
INSERT INTO ingredients_ingredient VALUES(1875,'трюфельная крошка','г');
INSERT INTO ingredients_ingredient VALUES(1876,'трюфельное масло','г');
INSERT INTO ingredients_ingredient VALUES(1877,'трюфель черный','г');
INSERT INTO ingredients_ingredient VALUES(1878,'тунец','г');
INSERT INTO ingredients_ingredient VALUES(1879,'тунец консервированный','г');
INSERT INTO ingredients_ingredient VALUES(1880,'тунец филе','г');
INSERT INTO ingredients_ingredient VALUES(1881,'тушенка','г');
INSERT INTO ingredients_ingredient VALUES(1882,'тыква','г');
INSERT INTO ingredients_ingredient VALUES(1883,'тыквенное масло','г');
INSERT INTO ingredients_ingredient VALUES(1884,'тыквенное пюре','г');
INSERT INTO ingredients_ingredient VALUES(1885,'тыквенные семечки','г');
INSERT INTO ingredients_ingredient VALUES(1886,'тюлька свежая','г');
INSERT INTO ingredients_ingredient VALUES(1887,'угорь','г');
INSERT INTO ingredients_ingredient VALUES(1888,'угорь копченый','г');
INSERT INTO ingredients_ingredient VALUES(1889,'угурт','г');
INSERT INTO ingredients_ingredient VALUES(1890,'укроп','г');
INSERT INTO ingredients_ingredient VALUES(1891,'укропное семя','г');
INSERT INTO ingredients_ingredient VALUES(1892,'укроп свежий','г');
INSERT INTO ingredients_ingredient VALUES(1893,'укроп сушеный','г');
INSERT INTO ingredients_ingredient VALUES(1894,'уксус','мл');
INSERT INTO ingredients_ingredient VALUES(1895,'уксус 9%','мл');
INSERT INTO ingredients_ingredient VALUES(1896,'уксус из сидра','мл');
INSERT INTO ingredients_ingredient VALUES(1897,'уксусная эссенция','мл');
INSERT INTO ingredients_ingredient VALUES(1898,'уксус столовый','мл');
INSERT INTO ingredients_ingredient VALUES(1899,'улитки','г');
INSERT INTO ingredients_ingredient VALUES(1900,'улитки виноградные','г');
INSERT INTO ingredients_ingredient VALUES(1901,'урюк','г');
INSERT INTO ingredients_ingredient VALUES(1902,'устрицы','г');
INSERT INTO ingredients_ingredient VALUES(1903,'утиная грудка','г');
INSERT INTO ingredients_ingredient VALUES(1904,'утиная печень','г');
INSERT INTO ingredients_ingredient VALUES(1905,'утиное филе','г');
INSERT INTO ingredients_ingredient VALUES(1906,'утиные бедрышки','г');
INSERT INTO ingredients_ingredient VALUES(1907,'утиные ножки','г');
INSERT INTO ingredients_ingredient VALUES(1908,'утка','г');
INSERT INTO ingredients_ingredient VALUES(1909,'утка печеная','г');
INSERT INTO ingredients_ingredient VALUES(1910,'утка тушка','г');
INSERT INTO ingredients_ingredient VALUES(1911,'уцхо-сунели','г');
INSERT INTO ingredients_ingredient VALUES(1912,'фазан','г');
INSERT INTO ingredients_ingredient VALUES(1913,'фарш (баранина и говядина)','г');
INSERT INTO ingredients_ingredient VALUES(1914,'фарш (свинина и курица)','г');
INSERT INTO ingredients_ingredient VALUES(1915,'фасоль','г');
INSERT INTO ingredients_ingredient VALUES(1916,'фасоль белая','г');
INSERT INTO ingredients_ingredient VALUES(1917,'фасоль белая консервированная','г');
INSERT INTO ingredients_ingredient VALUES(1918,'фасоль белая лима','г');
INSERT INTO ingredients_ingredient VALUES(1919,'фасоль зеленая стручковая','г');
INSERT INTO ingredients_ingredient VALUES(1920,'фасоль кенийская','г');
INSERT INTO ingredients_ingredient VALUES(1921,'фасоль кидни красная','г');
INSERT INTO ingredients_ingredient VALUES(1922,'фасоль консервированная','г');
INSERT INTO ingredients_ingredient VALUES(1923,'фасоль красная','г');
INSERT INTO ingredients_ingredient VALUES(1924,'фасоль красная вареная','г');
INSERT INTO ingredients_ingredient VALUES(1925,'фасоль красная консервированная','г');
INSERT INTO ingredients_ingredient VALUES(1926,'фасоль молодая замороженная','г');
INSERT INTO ingredients_ingredient VALUES(1927,'фасоль пинто','г');
INSERT INTO ingredients_ingredient VALUES(1928,'фасоль спаржевая вареная','г');
INSERT INTO ingredients_ingredient VALUES(1929,'фасоль стручковая','г');
INSERT INTO ingredients_ingredient VALUES(1930,'фасоль стручковая замороженная','г');
INSERT INTO ingredients_ingredient VALUES(1931,'фасоль стручковая консервированная','г');
INSERT INTO ingredients_ingredient VALUES(1932,'фасоль черный глаз','г');
INSERT INTO ingredients_ingredient VALUES(1933,'фейхоа','г');
INSERT INTO ingredients_ingredient VALUES(1934,'фенхель','г');
INSERT INTO ingredients_ingredient VALUES(1935,'фенхель семена','г');
INSERT INTO ingredients_ingredient VALUES(1936,'фенхель семена молотые','г');
INSERT INTO ingredients_ingredient VALUES(1937,'фестонате','г');
INSERT INTO ingredients_ingredient VALUES(1938,'фета','г');
INSERT INTO ingredients_ingredient VALUES(1939,'фетаки','г');
INSERT INTO ingredients_ingredient VALUES(1940,'фетакса','г');
INSERT INTO ingredients_ingredient VALUES(1941,'феттучине','г');
INSERT INTO ingredients_ingredient VALUES(1942,'фиалки засахаренные','г');
INSERT INTO ingredients_ingredient VALUES(1943,'фиалковый сироп','мл');
INSERT INTO ingredients_ingredient VALUES(1944,'физалис','г');
INSERT INTO ingredients_ingredient VALUES(1945,'филе красного окуня','г');
INSERT INTO ingredients_ingredient VALUES(1946,'филе лосося','г');
INSERT INTO ingredients_ingredient VALUES(1947,'филе палтуса','г');
INSERT INTO ingredients_ingredient VALUES(1948,'финики','г');
INSERT INTO ingredients_ingredient VALUES(1949,'финики без косточек','г');
INSERT INTO ingredients_ingredient VALUES(1950,'финики иранские','г');
INSERT INTO ingredients_ingredient VALUES(1951,'финики иранские без косточек','г');
INSERT INTO ingredients_ingredient VALUES(1952,'фисташки','г');
INSERT INTO ingredients_ingredient VALUES(1953,'фисташки очищенные','г');
INSERT INTO ingredients_ingredient VALUES(1954,'фисташки очищенные несоленые','г');
INSERT INTO ingredients_ingredient VALUES(1955,'фисташки рубленые','г');
INSERT INTO ingredients_ingredient VALUES(1956,'фисташковая мука','г');
INSERT INTO ingredients_ingredient VALUES(1957,'фисташковая паста','г');
INSERT INTO ingredients_ingredient VALUES(1958,'фисташковое масло','г');
INSERT INTO ingredients_ingredient VALUES(1959,'фокачча','г');
INSERT INTO ingredients_ingredient VALUES(1960,'форель','г');
INSERT INTO ingredients_ingredient VALUES(1961,'форель вареная','г');
INSERT INTO ingredients_ingredient VALUES(1962,'форель горячего копчения','г');
INSERT INTO ingredients_ingredient VALUES(1963,'форель озерная свежая','г');
INSERT INTO ingredients_ingredient VALUES(1964,'форель слабосоленая','г');
INSERT INTO ingredients_ingredient VALUES(1965,'форель стейки','г');
INSERT INTO ingredients_ingredient VALUES(1966,'форель филе','г');
INSERT INTO ingredients_ingredient VALUES(1967,'форель холодного копчения','г');
INSERT INTO ingredients_ingredient VALUES(1968,'фрикадельки','г');
INSERT INTO ingredients_ingredient VALUES(1969,'фрукт дракона','г');
INSERT INTO ingredients_ingredient VALUES(1970,'фруктовый сироп','мл');
INSERT INTO ingredients_ingredient VALUES(1971,'фруктовый сок','мл');
INSERT INTO ingredients_ingredient VALUES(1972,'фруктовый сок без сахара','мл');
INSERT INTO ingredients_ingredient VALUES(1973,'фруктоза','г');
INSERT INTO ingredients_ingredient VALUES(1974,'фрукты','г');
INSERT INTO ingredients_ingredient VALUES(1975,'фрукты консервированные','г');
INSERT INTO ingredients_ingredient VALUES(1976,'фундук','г');
INSERT INTO ingredients_ingredient VALUES(1977,'фундучная мука','г');
INSERT INTO ingredients_ingredient VALUES(1978,'фунчоза','г');
INSERT INTO ingredients_ingredient VALUES(1979,'халва','г');
INSERT INTO ingredients_ingredient VALUES(1980,'халва ванильная','г');
INSERT INTO ingredients_ingredient VALUES(1981,'халва подсолнечная','г');
INSERT INTO ingredients_ingredient VALUES(1982,'халуми','г');
INSERT INTO ingredients_ingredient VALUES(1983,'хамон','г');
INSERT INTO ingredients_ingredient VALUES(1984,'хек','г');
INSERT INTO ingredients_ingredient VALUES(1985,'хек филе','г');
INSERT INTO ingredients_ingredient VALUES(1986,'херес','мл');
INSERT INTO ingredients_ingredient VALUES(1987,'хересный уксус','мл');
INSERT INTO ingredients_ingredient VALUES(1988,'хлеб','г');
INSERT INTO ingredients_ingredient VALUES(1989,'хлеб 7 злаков','батон');
INSERT INTO ingredients_ingredient VALUES(1990,'хлеб белый','г');
INSERT INTO ingredients_ingredient VALUES(1991,'хлеб белый сухой','г');
INSERT INTO ingredients_ingredient VALUES(1992,'хлеб бородинский','г');
INSERT INTO ingredients_ingredient VALUES(1993,'хлеб датский ржаной','г');
INSERT INTO ingredients_ingredient VALUES(1994,'хлеб для сэндвичей','г');
INSERT INTO ingredients_ingredient VALUES(1995,'хлебная крошка','г');
INSERT INTO ingredients_ingredient VALUES(1996,'хлеб ржаной','г');
INSERT INTO ingredients_ingredient VALUES(1997,'хлеб серый','г');
INSERT INTO ingredients_ingredient VALUES(1998,'хлеб с кунжутом','г');
INSERT INTO ingredients_ingredient VALUES(1999,'хлеб цельнозерновой','г');
INSERT INTO ingredients_ingredient VALUES(2000,'хлебцы пшенично-ржаные цельнозерновые','г');
INSERT INTO ingredients_ingredient VALUES(2001,'хлопья 4 злака','г');
INSERT INTO ingredients_ingredient VALUES(2002,'хлопья 5 злаков','г');
INSERT INTO ingredients_ingredient VALUES(2003,'хлопья 7 злаков','ст. л.');
INSERT INTO ingredients_ingredient VALUES(2004,'хлопья быстрого приготовления','г');
INSERT INTO ingredients_ingredient VALUES(2005,'хлорид кальция','г');
INSERT INTO ingredients_ingredient VALUES(2006,'хмели-сунели','г');
INSERT INTO ingredients_ingredient VALUES(2007,'хмель','г');
INSERT INTO ingredients_ingredient VALUES(2008,'хрен','г');
INSERT INTO ingredients_ingredient VALUES(2009,'хрен протертый','г');
INSERT INTO ingredients_ingredient VALUES(2010,'хрен со сливками','г');
INSERT INTO ingredients_ingredient VALUES(2011,'хурма','г');
INSERT INTO ingredients_ingredient VALUES(2012,'хурма спелая','г');
INSERT INTO ingredients_ingredient VALUES(2013,'цесарка тушка','г');
INSERT INTO ingredients_ingredient VALUES(2014,'цикорий','г');
INSERT INTO ingredients_ingredient VALUES(2015,'цитроновые цукаты','г');
INSERT INTO ingredients_ingredient VALUES(2016,'цитрусовые цукаты','г');
INSERT INTO ingredients_ingredient VALUES(2017,'цитрусовый свежевыжатый сок','мл');
INSERT INTO ingredients_ingredient VALUES(2018,'цукаты','г');
INSERT INTO ingredients_ingredient VALUES(2019,'цукини','г');
INSERT INTO ingredients_ingredient VALUES(2020,'цукини цветы','г');
INSERT INTO ingredients_ingredient VALUES(2021,'цыплята','г');
INSERT INTO ingredients_ingredient VALUES(2022,'цыплята-корнишоны','шт.');
INSERT INTO ingredients_ingredient VALUES(2023,'чабер','г');
INSERT INTO ingredients_ingredient VALUES(2024,'чабрец','г');
INSERT INTO ingredients_ingredient VALUES(2025,'чабрец сушеный','г');
INSERT INTO ingredients_ingredient VALUES(2026,'чай дарджилинг','г');
INSERT INTO ingredients_ingredient VALUES(2027,'чай жасминовый','г');
INSERT INTO ingredients_ingredient VALUES(2028,'чай зеленый','г');
INSERT INTO ingredients_ingredient VALUES(2029,'чай копченый лапсанг сушонг','г');
INSERT INTO ingredients_ingredient VALUES(2030,'чай красный','г');
INSERT INTO ingredients_ingredient VALUES(2031,'чай ройбуш','г');
INSERT INTO ingredients_ingredient VALUES(2032,'чай черный','г');
INSERT INTO ingredients_ingredient VALUES(2033,'чай черный крупнолистовой','г');
INSERT INTO ingredients_ingredient VALUES(2034,'чай черный со специями','г');
INSERT INTO ingredients_ingredient VALUES(2035,'чай эрл грей','г');
INSERT INTO ingredients_ingredient VALUES(2036,'чатни манго','г');
INSERT INTO ingredients_ingredient VALUES(2037,'чеддер','г');
INSERT INTO ingredients_ingredient VALUES(2038,'черемуха','г');
INSERT INTO ingredients_ingredient VALUES(2039,'черемуховая мука','г');
INSERT INTO ingredients_ingredient VALUES(2040,'черемша','г');
INSERT INTO ingredients_ingredient VALUES(2041,'черешневый джем','г');
INSERT INTO ingredients_ingredient VALUES(2042,'черешня','г');
INSERT INTO ingredients_ingredient VALUES(2043,'черешня консервированная без косточек','г');
INSERT INTO ingredients_ingredient VALUES(2044,'черная смородина','г');
INSERT INTO ingredients_ingredient VALUES(2045,'черника','г');
INSERT INTO ingredients_ingredient VALUES(2046,'черника замороженная','г');
INSERT INTO ingredients_ingredient VALUES(2047,'чернила каракатицы','г');
INSERT INTO ingredients_ingredient VALUES(2048,'черничный джем','г');
INSERT INTO ingredients_ingredient VALUES(2049,'чернослив','г');
INSERT INTO ingredients_ingredient VALUES(2050,'чернослив без косточек','г');
INSERT INTO ingredients_ingredient VALUES(2051,'чернослив вяленый','г');
INSERT INTO ingredients_ingredient VALUES(2052,'чернослив копченый без косточек','г');
INSERT INTO ingredients_ingredient VALUES(2053,'черносмородиновое варенье','г');
INSERT INTO ingredients_ingredient VALUES(2054,'черносмородиновый джем','г');
INSERT INTO ingredients_ingredient VALUES(2055,'чеснок','г');
INSERT INTO ingredients_ingredient VALUES(2056,'чеснок молодой','г');
INSERT INTO ingredients_ingredient VALUES(2057,'чеснок сушеный','г');
INSERT INTO ingredients_ingredient VALUES(2058,'чесночная соль','г');
INSERT INTO ingredients_ingredient VALUES(2059,'чесночное масло','мл');
INSERT INTO ingredients_ingredient VALUES(2060,'чесночный порошок','г');
INSERT INTO ingredients_ingredient VALUES(2061,'чечевица','г');
INSERT INTO ingredients_ingredient VALUES(2062,'чечевица вареная','г');
INSERT INTO ingredients_ingredient VALUES(2063,'чечевица зеленая','г');
INSERT INTO ingredients_ingredient VALUES(2064,'чечевица красная','г');
INSERT INTO ingredients_ingredient VALUES(2065,'чечил спагетти','г');
INSERT INTO ingredients_ingredient VALUES(2066,'чиабатта','г');
INSERT INTO ingredients_ingredient VALUES(2067,'чиа семена','г');
INSERT INTO ingredients_ingredient VALUES(2068,'чипотле молотый','г');
INSERT INTO ingredients_ingredient VALUES(2069,'чипсы','г');
INSERT INTO ingredients_ingredient VALUES(2070,'чоризо','г');
INSERT INTO ingredients_ingredient VALUES(2071,'шалфей','г');
INSERT INTO ingredients_ingredient VALUES(2072,'шалфей свежий','г');
INSERT INTO ingredients_ingredient VALUES(2073,'шалфей сушеный','г');
INSERT INTO ingredients_ingredient VALUES(2074,'шампанское','г');
INSERT INTO ingredients_ingredient VALUES(2075,'шампанское советское','мл');
INSERT INTO ingredients_ingredient VALUES(2076,'шампанское сухое','мл');
INSERT INTO ingredients_ingredient VALUES(2077,'шампиньоны','г');
INSERT INTO ingredients_ingredient VALUES(2078,'шампиньоны замороженные','г');
INSERT INTO ingredients_ingredient VALUES(2079,'шампиньоны консервированные','г');
INSERT INTO ingredients_ingredient VALUES(2080,'шампиньоны маринованные','г');
INSERT INTO ingredients_ingredient VALUES(2081,'шампиньоны свежие','г');
INSERT INTO ingredients_ingredient VALUES(2082,'шафран','г');
INSERT INTO ingredients_ingredient VALUES(2083,'шафран имеретинский','г');
INSERT INTO ingredients_ingredient VALUES(2084,'шафран молотый','ч. л.');
INSERT INTO ingredients_ingredient VALUES(2085,'шафран нити','шт.');
INSERT INTO ingredients_ingredient VALUES(2086,'шелковица','г');
INSERT INTO ingredients_ingredient VALUES(2087,'шелковица сушеная','г');
INSERT INTO ingredients_ingredient VALUES(2088,'шиповник','г');
INSERT INTO ingredients_ingredient VALUES(2089,'шиповниковый сироп','мл');
INSERT INTO ingredients_ingredient VALUES(2090,'шнапс','мл');
INSERT INTO ingredients_ingredient VALUES(2091,'шнитт-лук','г');
INSERT INTO ingredients_ingredient VALUES(2092,'шоколад','г');
INSERT INTO ingredients_ingredient VALUES(2093,'шоколад белый','г');
INSERT INTO ingredients_ingredient VALUES(2094,'шоколад горький с апельсиновой цедрой','г');
INSERT INTO ingredients_ingredient VALUES(2095,'шоколад молочный','г');
INSERT INTO ingredients_ingredient VALUES(2096,'шоколад мятный','г');
INSERT INTO ingredients_ingredient VALUES(2097,'шоколадная паста','г');
INSERT INTO ingredients_ingredient VALUES(2098,'шоколадная стружка','г');
INSERT INTO ingredients_ingredient VALUES(2099,'шоколадное масло','г');
INSERT INTO ingredients_ingredient VALUES(2100,'шоколадно-ореховая паста','г');
INSERT INTO ingredients_ingredient VALUES(2101,'шоколадные горошины','г');
INSERT INTO ingredients_ingredient VALUES(2102,'шоколадные капли','г');
INSERT INTO ingredients_ingredient VALUES(2103,'шоколадные капли белые','г');
INSERT INTO ingredients_ingredient VALUES(2104,'шоколадные конфеты','г');
INSERT INTO ingredients_ingredient VALUES(2105,'шоколадные хлопья','г');
INSERT INTO ingredients_ingredient VALUES(2106,'шоколадные шарики из готовых завтраков','г');
INSERT INTO ingredients_ingredient VALUES(2107,'шоколадный ликер','мл');
INSERT INTO ingredients_ingredient VALUES(2108,'шоколадный сироп','мл');
INSERT INTO ingredients_ingredient VALUES(2109,'шоколадный соус','г');
INSERT INTO ingredients_ingredient VALUES(2110,'шоколад полусладкий','г');
INSERT INTO ingredients_ingredient VALUES(2111,'шоколад с орехами','г');
INSERT INTO ingredients_ingredient VALUES(2112,'шоколад черный горький','г');
INSERT INTO ingredients_ingredient VALUES(2113,'шоколад черный горький 70%','г');
INSERT INTO ingredients_ingredient VALUES(2114,'шоколад черный горький 75%','ч. л.');
INSERT INTO ingredients_ingredient VALUES(2115,'шоколад черный горький 85%','г');
INSERT INTO ingredients_ingredient VALUES(2116,'шортенинг','г');
INSERT INTO ingredients_ingredient VALUES(2117,'шпик','г');
INSERT INTO ingredients_ingredient VALUES(2118,'шпик копченый','г');
INSERT INTO ingredients_ingredient VALUES(2119,'шпинат','г');
INSERT INTO ingredients_ingredient VALUES(2120,'шпинат замороженный','г');
INSERT INTO ingredients_ingredient VALUES(2121,'шпинат молодой','г');
INSERT INTO ingredients_ingredient VALUES(2122,'шпинат свежий','г');
INSERT INTO ingredients_ingredient VALUES(2123,'шпроты','г');
INSERT INTO ingredients_ingredient VALUES(2124,'шпроты в масле','г');
INSERT INTO ingredients_ingredient VALUES(2125,'шрот','г');
INSERT INTO ingredients_ingredient VALUES(2126,'щавель замороженный','г');
INSERT INTO ingredients_ingredient VALUES(2127,'щавель свежий','г');
INSERT INTO ingredients_ingredient VALUES(2128,'щука','г');
INSERT INTO ingredients_ingredient VALUES(2129,'щука филе','г');
INSERT INTO ingredients_ingredient VALUES(2130,'эгг-ног','г');
INSERT INTO ingredients_ingredient VALUES(2131,'эдам','г');
INSERT INTO ingredients_ingredient VALUES(2132,'эль','мл');
INSERT INTO ingredients_ingredient VALUES(2133,'эмменталь','г');
INSERT INTO ingredients_ingredient VALUES(2134,'эскалоп','г');
INSERT INTO ingredients_ingredient VALUES(2135,'эстрагон','г');
INSERT INTO ingredients_ingredient VALUES(2136,'эстрагон сушеный','г');
INSERT INTO ingredients_ingredient VALUES(2137,'яблоки','г');
INSERT INTO ingredients_ingredient VALUES(2138,'яблоки антоновка','г');
INSERT INTO ingredients_ingredient VALUES(2139,'яблоки гала','г');
INSERT INTO ingredients_ingredient VALUES(2140,'яблоки голден','г');
INSERT INTO ingredients_ingredient VALUES(2141,'яблоки гренни смит','г');
INSERT INTO ingredients_ingredient VALUES(2142,'яблоки зеленые','г');
INSERT INTO ingredients_ingredient VALUES(2143,'яблоки красные','г');
INSERT INTO ingredients_ingredient VALUES(2144,'яблоки моченые','г');
INSERT INTO ingredients_ingredient VALUES(2145,'яблоки нетвердых сортов','г');
INSERT INTO ingredients_ingredient VALUES(2146,'яблоки сладкие','г');
INSERT INTO ingredients_ingredient VALUES(2147,'яблоки сушеные','г');
INSERT INTO ingredients_ingredient VALUES(2148,'яблочная эссенция','г');
INSERT INTO ingredients_ingredient VALUES(2149,'яблочное варенье','г');
INSERT INTO ingredients_ingredient VALUES(2150,'яблочное повидло','г');
INSERT INTO ingredients_ingredient VALUES(2151,'яблочное пюре','г');
INSERT INTO ingredients_ingredient VALUES(2152,'яблочные чипсы','г');
INSERT INTO ingredients_ingredient VALUES(2153,'яблочный джем','г');
INSERT INTO ingredients_ingredient VALUES(2154,'яблочный сироп','мл');
INSERT INTO ingredients_ingredient VALUES(2155,'яблочный сок','мл');
INSERT INTO ingredients_ingredient VALUES(2156,'яблочный соус','г');
INSERT INTO ingredients_ingredient VALUES(2157,'яблочный уксус','мл');
INSERT INTO ingredients_ingredient VALUES(2158,'ягнятина','г');
INSERT INTO ingredients_ingredient VALUES(2159,'ягнятина кострец','г');
INSERT INTO ingredients_ingredient VALUES(2160,'ягнятина фарш','г');
INSERT INTO ingredients_ingredient VALUES(2161,'ягнячьи отбивные на косточке','г');
INSERT INTO ingredients_ingredient VALUES(2162,'ягнячья голень нарубленная','г');
INSERT INTO ingredients_ingredient VALUES(2163,'ягнячья корейка','г');
INSERT INTO ingredients_ingredient VALUES(2164,'ягодное варенье','г');
INSERT INTO ingredients_ingredient VALUES(2165,'ягодное желе','г');
INSERT INTO ingredients_ingredient VALUES(2166,'ягодный сироп','мл');
INSERT INTO ingredients_ingredient VALUES(2167,'ягодный сок','мл');
INSERT INTO ingredients_ingredient VALUES(2168,'ягодный соус кислый','г');
INSERT INTO ingredients_ingredient VALUES(2169,'ягоды','г');
INSERT INTO ingredients_ingredient VALUES(2170,'ягоды вяленые','г');
INSERT INTO ingredients_ingredient VALUES(2171,'ягоды замороженные','г');
INSERT INTO ingredients_ingredient VALUES(2172,'ягоды лесные','г');
INSERT INTO ingredients_ingredient VALUES(2173,'ягоды лесные замороженные','г');
INSERT INTO ingredients_ingredient VALUES(2174,'яичные белки','г');
INSERT INTO ingredients_ingredient VALUES(2175,'яичные желтки','г');
INSERT INTO ingredients_ingredient VALUES(2176,'яичные желтки вареные','шт.');
INSERT INTO ingredients_ingredient VALUES(2177,'яичные желтки крупные','г');
INSERT INTO ingredients_ingredient VALUES(2178,'яичный меланж','г');
INSERT INTO ingredients_ingredient VALUES(2179,'яичный порошок','г');
INSERT INTO ingredients_ingredient VALUES(2180,'яйца куриные','г');
INSERT INTO ingredients_ingredient VALUES(2181,'яйца куриные крупные','г');
INSERT INTO ingredients_ingredient VALUES(2182,'яйца перепелиные','г');
INSERT INTO ingredients_ingredient VALUES(2183,'японская крошка панко','г');
INSERT INTO ingredients_ingredient VALUES(2184,'ячменные хлопья','г');
INSERT INTO ingredients_ingredient VALUES(2185,'ячмень','г');
INSERT INTO ingredients_ingredient VALUES(2186,'ячневая крупа','г');
CREATE TABLE IF NOT EXISTS "tags_tag" ("id" integer NOT NULL PRIMARY KEY AUTOINCREMENT, "name" varchar(32) NOT NULL UNIQUE, "slug" varchar(32) NOT NULL UNIQUE);
INSERT INTO tags_tag VALUES(1,'Веган','vegan');
INSERT INTO tags_tag VALUES(2,'Выпечка','baking');
INSERT INTO tags_tag VALUES(3,'Напитки','drink');
CREATE TABLE IF NOT EXISTS "recipes_recipeingredient" ("id" integer NOT NULL PRIMARY KEY AUTOINCREMENT, "amount" integer unsigned NOT NULL CHECK ("amount" >= 0), "ingredient_id" bigint NOT NULL REFERENCES "ingredients_ingredient" ("id") DEFERRABLE INITIALLY DEFERRED, "recipe_id" bigint NOT NULL REFERENCES "recipes_recipe" ("id") DEFERRABLE INITIALLY DEFERRED);
INSERT INTO recipes_recipeingredient VALUES(9,10,170,6);
INSERT INTO recipes_recipeingredient VALUES(10,20,1195,6);
INSERT INTO recipes_recipeingredient VALUES(11,10,170,7);
INSERT INTO recipes_recipeingredient VALUES(12,20,1195,7);
CREATE TABLE IF NOT EXISTS "recipes_recipe_tags" ("id" integer NOT NULL PRIMARY KEY AUTOINCREMENT, "recipe_id" bigint NOT NULL REFERENCES "recipes_recipe" ("id") DEFERRABLE INITIALLY DEFERRED, "tag_id" bigint NOT NULL REFERENCES "tags_tag" ("id") DEFERRABLE INITIALLY DEFERRED);
INSERT INTO recipes_recipe_tags VALUES(9,6,1);
INSERT INTO recipes_recipe_tags VALUES(10,6,2);
INSERT INTO recipes_recipe_tags VALUES(11,7,1);
INSERT INTO recipes_recipe_tags VALUES(12,7,2);
CREATE TABLE IF NOT EXISTS "recipes_shoppingcart" ("id" integer NOT NULL PRIMARY KEY AUTOINCREMENT, "recipe_id" bigint NOT NULL REFERENCES "recipes_recipe" ("id") DEFERRABLE INITIALLY DEFERRED, "user_id" bigint NOT NULL REFERENCES "users_user" ("id") DEFERRABLE INITIALLY DEFERRED, CONSTRAINT "unique_user_recipe_in_cart" UNIQUE ("user_id", "recipe_id"));
CREATE TABLE IF NOT EXISTS "recipes_favorite" ("id" integer NOT NULL PRIMARY KEY AUTOINCREMENT, "created_at" datetime NOT NULL, "recipe_id" bigint NOT NULL REFERENCES "recipes_recipe" ("id") DEFERRABLE INITIALLY DEFERRED, "user_id" bigint NOT NULL REFERENCES "users_user" ("id") DEFERRABLE INITIALLY DEFERRED, CONSTRAINT "unique_favorite" UNIQUE ("user_id", "recipe_id"));
CREATE TABLE IF NOT EXISTS "django_session" ("session_key" varchar(40) NOT NULL PRIMARY KEY, "session_data" text NOT NULL, "expire_date" datetime NOT NULL);
INSERT INTO django_session VALUES('cjiis5jf529prhtl7jbtv84oqsz5e7gc','.eJxVjDsOAjEMBe-SGkVxQj5Q0nOGyHYcdgEl0n4qxN1hpS2gfTPzXirjugx5nWXKY1FnBerwuxHyQ9oGyh3brWvubZlG0puidzrray_yvOzu38GA8_CtvQ-eUgVbbYjmKLYKexcd8alAYGCPKXF0bAwkMJUiYZDCKZIwEqj3B9niOFY:1tgUrO:l1C9ykpE6KjZmpw54fKRHxZ1m1GHieUvEdDKi8unKR4','2025-02-21 20:21:58.649484');
CREATE TABLE IF NOT EXISTS "recipes_recipe" ("id" integer NOT NULL PRIMARY KEY AUTOINCREMENT, "name" varchar(256) NOT NULL, "image" varchar(100) NOT NULL, "text" text NOT NULL, "cooking_time" integer unsigned NOT NULL CHECK ("cooking_time" >= 0), "author_id" bigint NOT NULL REFERENCES "users_user" ("id") DEFERRABLE INITIALLY DEFERRED);
INSERT INTO recipes_recipe VALUES(6,'Нечто съедобное (это не точно)','recipes/temp_nTUteF4.png','Приготовьте как нибудь эти ингредиеты',5,3);
INSERT INTO recipes_recipe VALUES(7,'Еще одна попытка приготовить еду','recipes/temp_psBAMfC.png','Вероятно стоит это смешать.',10,3);
CREATE TABLE IF NOT EXISTS "users_user" ("id" integer NOT NULL PRIMARY KEY AUTOINCREMENT, "password" varchar(128) NOT NULL, "last_login" datetime NULL, "is_superuser" bool NOT NULL, "is_staff" bool NOT NULL, "is_active" bool NOT NULL, "date_joined" datetime NOT NULL, "first_name" varchar(150) NOT NULL, "last_name" varchar(150) NOT NULL, "email" varchar(254) NOT NULL UNIQUE, "username" varchar(150) NOT NULL UNIQUE, "avatar" varchar(100) NOT NULL);
INSERT INTO users_user VALUES(1,'pbkdf2_sha256$600000$KH8SpeKOQKuV6pgQtnUF0C$No75I9dimw/9Et4pYSF7PD4BikgfLbpirRFCZaDeVBE=','2025-02-07 20:21:58.643669',1,1,1,'2025-02-07 20:20:58.732641','Sofia','Pogosian','sonyapgsn@gmail.com','sonjpog','');
DELETE FROM sqlite_sequence;
INSERT INTO sqlite_sequence VALUES('django_migrations',29);
INSERT INTO sqlite_sequence VALUES('django_content_type',15);
INSERT INTO sqlite_sequence VALUES('auth_permission',60);
INSERT INTO sqlite_sequence VALUES('auth_group',0);
INSERT INTO sqlite_sequence VALUES('users_subscription',2);
INSERT INTO sqlite_sequence VALUES('django_admin_log',1);
INSERT INTO sqlite_sequence VALUES('recipes_recipeingredient',12);
INSERT INTO sqlite_sequence VALUES('recipes_shoppingcart',1);
INSERT INTO sqlite_sequence VALUES('recipes_favorite',1);
INSERT INTO sqlite_sequence VALUES('ingredients_ingredient',2186);
INSERT INTO sqlite_sequence VALUES('tags_tag',3);
INSERT INTO sqlite_sequence VALUES('recipes_recipe',7);
INSERT INTO sqlite_sequence VALUES('recipes_recipe_tags',12);
INSERT INTO sqlite_sequence VALUES('users_user',4);
CREATE UNIQUE INDEX "django_content_type_app_label_model_76bd3d3b_uniq" ON "django_content_type" ("app_label", "model");
CREATE UNIQUE INDEX "auth_group_permissions_group_id_permission_id_0cd325b0_uniq" ON "auth_group_permissions" ("group_id", "permission_id");
CREATE INDEX "auth_group_permissions_group_id_b120cbf9" ON "auth_group_permissions" ("group_id");
CREATE INDEX "auth_group_permissions_permission_id_84c5c92e" ON "auth_group_permissions" ("permission_id");
CREATE UNIQUE INDEX "auth_permission_content_type_id_codename_01ab375a_uniq" ON "auth_permission" ("content_type_id", "codename");
CREATE INDEX "auth_permission_content_type_id_2f476e4b" ON "auth_permission" ("content_type_id");
CREATE UNIQUE INDEX "users_user_groups_user_id_group_id_b88eab82_uniq" ON "users_user_groups" ("user_id", "group_id");
CREATE INDEX "users_user_groups_user_id_5f6f5a90" ON "users_user_groups" ("user_id");
CREATE INDEX "users_user_groups_group_id_9afc8d0e" ON "users_user_groups" ("group_id");
CREATE UNIQUE INDEX "users_user_user_permissions_user_id_permission_id_43338c45_uniq" ON "users_user_user_permissions" ("user_id", "permission_id");
CREATE INDEX "users_user_user_permissions_user_id_20aca447" ON "users_user_user_permissions" ("user_id");
CREATE INDEX "users_user_user_permissions_permission_id_0b93982e" ON "users_user_user_permissions" ("permission_id");
CREATE INDEX "users_subscription_subscribed_user_id_a4bb0c38" ON "users_subscription" ("subscribed_user_id");
CREATE INDEX "users_subscription_user_id_d9433bee" ON "users_subscription" ("user_id");
CREATE INDEX "django_admin_log_content_type_id_c4bce8eb" ON "django_admin_log" ("content_type_id");
CREATE INDEX "django_admin_log_user_id_c564eba6" ON "django_admin_log" ("user_id");
CREATE INDEX "recipes_recipeingredient_ingredient_id_0efc0df1" ON "recipes_recipeingredient" ("ingredient_id");
CREATE INDEX "recipes_recipeingredient_recipe_id_76423229" ON "recipes_recipeingredient" ("recipe_id");
CREATE UNIQUE INDEX "recipes_recipe_tags_recipe_id_tag_id_233281ac_uniq" ON "recipes_recipe_tags" ("recipe_id", "tag_id");
CREATE INDEX "recipes_recipe_tags_recipe_id_e15a4132" ON "recipes_recipe_tags" ("recipe_id");
CREATE INDEX "recipes_recipe_tags_tag_id_6fe328c4" ON "recipes_recipe_tags" ("tag_id");
CREATE INDEX "recipes_shoppingcart_recipe_id_7b01d980" ON "recipes_shoppingcart" ("recipe_id");
CREATE INDEX "recipes_shoppingcart_user_id_9cf94f11" ON "recipes_shoppingcart" ("user_id");
CREATE INDEX "recipes_favorite_recipe_id_288529df" ON "recipes_favorite" ("recipe_id");
CREATE INDEX "recipes_favorite_user_id_dd4f6854" ON "recipes_favorite" ("user_id");
CREATE INDEX "django_session_expire_date_a5c62663" ON "django_session" ("expire_date");
CREATE INDEX "recipes_recipe_author_id_7274f74b" ON "recipes_recipe" ("author_id");
COMMIT;
